<?xml version="1.0" encoding="utf-8" standalone="yes"?>
<rss version="2.0" xmlns:atom="http://www.w3.org/2005/Atom">
  <channel>
    <title>Mathematics on eyeofparadox.wordpress.echo</title>
    <link>http://localhost:1313/categories/mathematics/</link>
    <description>Recent content in Mathematics on eyeofparadox.wordpress.echo</description>
    <generator>Hugo</generator>
    <language>en-us</language>
    <lastBuildDate>Thu, 18 Sep 2008 00:00:00 +0000</lastBuildDate>
    <atom:link href="http://localhost:1313/categories/mathematics/index.xml" rel="self" type="application/rss+xml" />
    <item>
      <title>Divide by Zero</title>
      <link>http://localhost:1313/posts/2008/09/2008-09-18-divide-by-zero/</link>
      <pubDate>Thu, 18 Sep 2008 00:00:00 +0000</pubDate>
      <guid>http://localhost:1313/posts/2008/09/2008-09-18-divide-by-zero/</guid>
      <description>&lt;p&gt;Is it possible to divide a number by zero? Conventional thinking in mathematics declares this to be impossible, but this answer is contingent on a point of view. The problem here lies in the normal interpretation of the value of the number zero; a representation of &amp;ldquo;nothing&amp;rdquo; zero is seen as more of a place holder, a number that has no value. By contrast, infinity is a value that has no number. In multiplication, the value of any number times zero is zero. It is like declaring a number in theory. It is like saying &amp;ldquo;no number&amp;rdquo; and when it comes to division by zero, one might as well be saying &amp;ldquo;no division&amp;rdquo; because use of the number zero declares no number of parts into which a value could be separated, including one, producing a value in no parts. The common assumption is that division by zero would equal infinity.&lt;/p&gt;</description>
    </item>
  </channel>
</rss>
