<?xml version="1.0" encoding="utf-8" standalone="yes"?>
<rss version="2.0" xmlns:atom="http://www.w3.org/2005/Atom">
  <channel>
    <title>Free-Will on eyeofparadox.wordpress.echo</title>
    <link>http://localhost:1313/categories/free-will/</link>
    <description>Recent content in Free-Will on eyeofparadox.wordpress.echo</description>
    <generator>Hugo</generator>
    <language>en-us</language>
    <lastBuildDate>Sun, 16 Sep 2018 00:00:00 +0000</lastBuildDate>
    <atom:link href="http://localhost:1313/categories/free-will/index.xml" rel="self" type="application/rss+xml" />
    <item>
      <title>Examples of the 4th Dimension</title>
      <link>http://localhost:1313/posts/2018/09/2018-09-16-examples-of-the-4th-dimension/</link>
      <pubDate>Sun, 16 Sep 2018 00:00:00 +0000</pubDate>
      <guid>http://localhost:1313/posts/2018/09/2018-09-16-examples-of-the-4th-dimension/</guid>
      <description>&lt;p&gt;This is a thought that just popped into my head after reviewing my last post. Right off the top of my head, I picked out two candidates for the fourth dimension of space; Scale and State.&lt;/p&gt;&#xA;&lt;p&gt;The underlying principle used to distinguish them was a concept that is spatial in nature, that lies beyond the immediate scope of a volume.&lt;/p&gt;&#xA;&lt;p&gt;Technically speaking, a four dimensional space can theoretically contain an infinite number of volumes, much the way three dimensional space can potentially contain an infinite number of surfaces; what we typically experience as the expression of two dimensionality.&lt;/p&gt;</description>
    </item>
    <item>
      <title>Beyond My Grasp</title>
      <link>http://localhost:1313/posts/2016/08/2016-08-25-beyond-my-grasp/</link>
      <pubDate>Thu, 25 Aug 2016 00:00:00 +0000</pubDate>
      <guid>http://localhost:1313/posts/2016/08/2016-08-25-beyond-my-grasp/</guid>
      <description>&lt;p&gt;&lt;strong&gt;&lt;em&gt;Advisory:&lt;/em&gt;&lt;/strong&gt; &lt;em&gt;I sort of choke and swallow hard before posting an article like this on the eye of paradox, in spite of the fact that&lt;/em&gt; &lt;em&gt;I have a history of being rather candid about my experiences as a &amp;ldquo;transgendered&amp;rdquo; individual here and on deviantart. I know that many of these posts have the potential to hurt me, professionally, and yet they serve the essential and undeniable need for self-expression that is ultimately the only way I can justify my existence. I would not be surprised to find that these posts drive more people away than they ever manage to enlighten, and shade my other writing with a transferred contempt. I am sure many people who do read through them must think, &amp;ldquo;this has to be exaggerated,&amp;rdquo; though I must confess that my best effort to put these feelings into words fall short&amp;ndash;hence, I keep revisiting them, trying to vent the agony in &amp;ldquo;a whisper of hollow words to dress up the shattering, inarticulate screams of a forever breaking heart.&amp;rdquo; If you choose to read this, to know what I cannot allow myself to show on the surface, just know that I overcome this pain in every moment I manage to present that calm, composed facade. I am not looking for pity, and I can&amp;rsquo;t say I feel sorry for myself; I am not sorry to be me&amp;ndash;there is just no easy way to present myself to you.&lt;/em&gt; &lt;/p&gt;</description>
    </item>
    <item>
      <title>Does it ever get better?</title>
      <link>http://localhost:1313/posts/2016/04/2016-04-06-does-it-ever-get-better/</link>
      <pubDate>Wed, 06 Apr 2016 00:00:00 +0000</pubDate>
      <guid>http://localhost:1313/posts/2016/04/2016-04-06-does-it-ever-get-better/</guid>
      <description>&lt;p&gt;I am well acquainted with the depths of despair; that place where words hurt in every way and never more than when they give the faintest glimmer of the only thing that could possibly be worse than despair:&lt;/p&gt;&#xA;&lt;p&gt;&lt;strong&gt;Hope&lt;/strong&gt;.&lt;/p&gt;&#xA;&lt;p&gt;Hope makes you drag yourself through the hell you’re trapped in when you’re so broken it’s a miracle you can even move.&lt;/p&gt;&#xA;&lt;p&gt;Hope makes you choke down the agony and anguish, and endure whatever punishment life heaps on top of it, for the unlikely and virtually impossible chance you will survive the pain long enough to discover what it’s like to be free of it.&lt;/p&gt;</description>
    </item>
    <item>
      <title>A Point about Paradox</title>
      <link>http://localhost:1313/posts/2010/12/2010-12-06-a-point-about-paradox/</link>
      <pubDate>Mon, 06 Dec 2010 00:00:00 +0000</pubDate>
      <guid>http://localhost:1313/posts/2010/12/2010-12-06-a-point-about-paradox/</guid>
      <description>&lt;p&gt;In the eternal moment, the past and the future are simply a matter of perspective and the past can be influenced by overlapping reinforcement or the intent of the resolving future. A time paradox is a self-informing sequence within a point.&lt;/p&gt;&#xA;&lt;p&gt;The classic grandfather paradox assumes that time is linear, ignoring the fact that the appearance of a person from the future is an unprecedented event at that point in the past. It also ignores the consequences of his absence from the point of his departure in the future.&lt;/p&gt;</description>
    </item>
    <item>
      <title>Staring into the Face of Truth</title>
      <link>http://localhost:1313/posts/2009/07/2009-07-26-staring-into-the-face-of-truth/</link>
      <pubDate>Sun, 26 Jul 2009 00:00:00 +0000</pubDate>
      <guid>http://localhost:1313/posts/2009/07/2009-07-26-staring-into-the-face-of-truth/</guid>
      <description>&lt;p&gt;&amp;ldquo;A story is as good a way to organize your thoughts as anything else,&amp;rdquo; she points out, poised in the shadows in the doorway. I quickly conclude that she is playing the part of my conscience. That, or devil&amp;rsquo;s advocate. Either way, she&amp;rsquo;s me. I cannot say she does not really exist without implying the same of myself. She is in my mind, and of my mind, so I do not look at her. She cannot be seen, not in the flesh anyway, but it&amp;rsquo;s not like I have to look at her to see her. &amp;ldquo;It&amp;rsquo;s been a long time since you&amp;rsquo;ve done this, though,&amp;rdquo; she observes, watching me carefully. I can tell there&amp;rsquo;s something on her mind. I can feel it. Technically, it&amp;rsquo;s on my mind, but I have long since learned that her thoughts are her own when she chooses to assert herself. It&amp;rsquo;s a bit like being in two places at the same time, a way to step outside my normal perspective and look at what I&amp;rsquo;ve become.&lt;/p&gt;</description>
    </item>
    <item>
      <title>Impulse</title>
      <link>http://localhost:1313/posts/2009/07/2009-07-25-impulse/</link>
      <pubDate>Sat, 25 Jul 2009 00:00:00 +0000</pubDate>
      <guid>http://localhost:1313/posts/2009/07/2009-07-25-impulse/</guid>
      <description>&lt;p&gt;Who am I? Why am I here? What is the point of my existence? These are questions we all ask at some point in our lives, and we can go our entire lives without knowing the answer. I suspect that a lot of people try to avoid thinking about it, not knowing how to begin answering, and I wonder how long a person can go without asking them. There are an endless number of situations and circumstances that can force us to confront these questions, and other soul searching questions like them. For me, the question can come up as a result of gender issues, but I&amp;rsquo;ve had it come up in many other circumstances. The answers, whatever they are, test the limits of my understanding, because in many ways I am the awareness brought into focus by both the sum and the gestalt of my understanding. In the scope of my understanding, I am aware that I am not driven by a desire to be female. I am driven by an impulse that is at once too simple and too complex for words, because words will never serve to express that impulse. Because I found myself in a body that I was not able to express myself properly in, it was only natural for me to become obsessed with finding a better way to express myself. I put a lot of thought and effort into figuring out the best way to embody myself in human terms, and because I was thinking in human terms, my self image is based on understanding the compromises that allowed me to be as true to myself as possible. Of course, human limitations are based on the limitations of reality, which are the perceived limits of existence &amp;ndash; or rather the limits of perception. The plain, simple and painful truth is that I am driven to do something that can not be done within those limits &amp;ndash; as we understand them.&lt;/p&gt;</description>
    </item>
    <item>
      <title>It Takes a Village to Break a Child</title>
      <link>http://localhost:1313/posts/2009/07/2009-07-24-it-takes-a-village-to-break-a-child/</link>
      <pubDate>Fri, 24 Jul 2009 00:00:00 +0000</pubDate>
      <guid>http://localhost:1313/posts/2009/07/2009-07-24-it-takes-a-village-to-break-a-child/</guid>
      <description>&lt;p&gt;I do not often get comments on my blog; if I exclude the pingbacks, spam and my own replies, I&amp;rsquo;ve received twenty-two comments from ten different individuals since I started the eye of paradox two years ago. Four of those people have identified themselves as transgendered, and like every transgendered person I&amp;rsquo;ve known, it has affected their lives as bad or worse than mine and I do not have to explain myself to them to be understood. For a long time, I&amp;rsquo;ve understood that this condition is difficult or even impossible for people who have not experienced it to comprehend. In order to live with normal people, the &amp;ldquo;cisgendered&amp;rdquo; if I use the term that&amp;rsquo;s come into use to describe those who identify with their birth sex, I&amp;rsquo;ve had to go to incredible lengths to comprehend and empathize with them. I&amp;rsquo;ve tried many, many times to find a way to describe what it feels like to live with this condition, hoping to make it easier for my family and friends to understand me. As I mentioned, I do not always like what comes out when I write on this topic, because it is a very intensely emotional issue and intensely emotional writing just encourages people to accuse me of being mellow-dramatic. I honestly expect most people to be driven away by the things I have written. Growing up, it did not take me long to learn how incredibly unsympathetic most people are about this issue. I was never asked to explain myself. With the exception of my adopted mother, who confronted me when I was six to ask if I wanted to be a girl, no one ever asked me why I acted like a girl. By the time she asked, I knew better than to admit it, since every other time someone noticed I was just slapped, spanked, or jerked around while being criticized for acting like a girl and being commanded to stop. That does not mean I was not asking myself why I acted like a girl. Even though the question was often on my mind, the only answer that ever rang true was the one that the facts denied.&lt;/p&gt;</description>
    </item>
    <item>
      <title>Point Penetrating Points Overlapping</title>
      <link>http://localhost:1313/posts/2009/07/2009-07-22-point-penetrating-points-overlapping/</link>
      <pubDate>Wed, 22 Jul 2009 00:00:00 +0000</pubDate>
      <guid>http://localhost:1313/posts/2009/07/2009-07-22-point-penetrating-points-overlapping/</guid>
      <description>&lt;p&gt;A number of my posts, particularly the ones dealing with transgender issues in my life, have been written on a long, dark night of the soul. It can be difficult to come back and read what I&amp;rsquo;ve posted and resist the urge to delete what I&amp;rsquo;ve written, because of how dark they are. I have moments when I think, if ever a family member happened to read them, some of what I&amp;rsquo;ve written could really hurt them. That was never the intention, and yet, there is a ring of truth to the posts I am not able to deny. It is an unfortunate fact that I&amp;rsquo;ve been hurt a great deal by people who never meant me harm because of things neither I nor they had any control over. It is not their fault that efforts to encourage my growth and development as a son or brother caused me so much pain; they were simply responding to what they perceived me to be. Our current society is the end product of thousands of generations of people struggling through life trying to make sense out of it. If that resulted in the division of human traits into masculine and feminine, and if the cultivation of gender roles led to a society that could not understand that there was a difference between the things that make people who they are and the things that make them what they are, it is not possible to assign fault or blame to any specific group, let alone a given person. As much as it would have made a difference in my life to have been raised among people who were more perceptive, or in a society that was more accepting of individual differences, I would still have grown up with the more difficult problem of being a girl in a boy&amp;rsquo;s body.&lt;/p&gt;</description>
    </item>
  </channel>
</rss>
