<?xml version="1.0" encoding="utf-8" standalone="yes"?>
<rss version="2.0" xmlns:atom="http://www.w3.org/2005/Atom">
  <channel>
    <title>Identity on eyeofparadox.wordpress.echo</title>
    <link>http://localhost:1313/categories/identity/</link>
    <description>Recent content in Identity on eyeofparadox.wordpress.echo</description>
    <generator>Hugo</generator>
    <language>en-us</language>
    <lastBuildDate>Thu, 25 Aug 2016 00:00:00 +0000</lastBuildDate>
    <atom:link href="http://localhost:1313/categories/identity/index.xml" rel="self" type="application/rss+xml" />
    <item>
      <title>Beyond My Grasp</title>
      <link>http://localhost:1313/posts/2016/08/2016-08-25-beyond-my-grasp/</link>
      <pubDate>Thu, 25 Aug 2016 00:00:00 +0000</pubDate>
      <guid>http://localhost:1313/posts/2016/08/2016-08-25-beyond-my-grasp/</guid>
      <description>&lt;p&gt;&lt;strong&gt;&lt;em&gt;Advisory:&lt;/em&gt;&lt;/strong&gt; &lt;em&gt;I sort of choke and swallow hard before posting an article like this on the eye of paradox, in spite of the fact that&lt;/em&gt; &lt;em&gt;I have a history of being rather candid about my experiences as a &amp;ldquo;transgendered&amp;rdquo; individual here and on deviantart. I know that many of these posts have the potential to hurt me, professionally, and yet they serve the essential and undeniable need for self-expression that is ultimately the only way I can justify my existence. I would not be surprised to find that these posts drive more people away than they ever manage to enlighten, and shade my other writing with a transferred contempt. I am sure many people who do read through them must think, &amp;ldquo;this has to be exaggerated,&amp;rdquo; though I must confess that my best effort to put these feelings into words fall short&amp;ndash;hence, I keep revisiting them, trying to vent the agony in &amp;ldquo;a whisper of hollow words to dress up the shattering, inarticulate screams of a forever breaking heart.&amp;rdquo; If you choose to read this, to know what I cannot allow myself to show on the surface, just know that I overcome this pain in every moment I manage to present that calm, composed facade. I am not looking for pity, and I can&amp;rsquo;t say I feel sorry for myself; I am not sorry to be me&amp;ndash;there is just no easy way to present myself to you.&lt;/em&gt; &lt;/p&gt;</description>
    </item>
    <item>
      <title>Staring into the Face of Truth</title>
      <link>http://localhost:1313/posts/2009/07/2009-07-26-staring-into-the-face-of-truth/</link>
      <pubDate>Sun, 26 Jul 2009 00:00:00 +0000</pubDate>
      <guid>http://localhost:1313/posts/2009/07/2009-07-26-staring-into-the-face-of-truth/</guid>
      <description>&lt;p&gt;&amp;ldquo;A story is as good a way to organize your thoughts as anything else,&amp;rdquo; she points out, poised in the shadows in the doorway. I quickly conclude that she is playing the part of my conscience. That, or devil&amp;rsquo;s advocate. Either way, she&amp;rsquo;s me. I cannot say she does not really exist without implying the same of myself. She is in my mind, and of my mind, so I do not look at her. She cannot be seen, not in the flesh anyway, but it&amp;rsquo;s not like I have to look at her to see her. &amp;ldquo;It&amp;rsquo;s been a long time since you&amp;rsquo;ve done this, though,&amp;rdquo; she observes, watching me carefully. I can tell there&amp;rsquo;s something on her mind. I can feel it. Technically, it&amp;rsquo;s on my mind, but I have long since learned that her thoughts are her own when she chooses to assert herself. It&amp;rsquo;s a bit like being in two places at the same time, a way to step outside my normal perspective and look at what I&amp;rsquo;ve become.&lt;/p&gt;</description>
    </item>
    <item>
      <title>Impulse</title>
      <link>http://localhost:1313/posts/2009/07/2009-07-25-impulse/</link>
      <pubDate>Sat, 25 Jul 2009 00:00:00 +0000</pubDate>
      <guid>http://localhost:1313/posts/2009/07/2009-07-25-impulse/</guid>
      <description>&lt;p&gt;Who am I? Why am I here? What is the point of my existence? These are questions we all ask at some point in our lives, and we can go our entire lives without knowing the answer. I suspect that a lot of people try to avoid thinking about it, not knowing how to begin answering, and I wonder how long a person can go without asking them. There are an endless number of situations and circumstances that can force us to confront these questions, and other soul searching questions like them. For me, the question can come up as a result of gender issues, but I&amp;rsquo;ve had it come up in many other circumstances. The answers, whatever they are, test the limits of my understanding, because in many ways I am the awareness brought into focus by both the sum and the gestalt of my understanding. In the scope of my understanding, I am aware that I am not driven by a desire to be female. I am driven by an impulse that is at once too simple and too complex for words, because words will never serve to express that impulse. Because I found myself in a body that I was not able to express myself properly in, it was only natural for me to become obsessed with finding a better way to express myself. I put a lot of thought and effort into figuring out the best way to embody myself in human terms, and because I was thinking in human terms, my self image is based on understanding the compromises that allowed me to be as true to myself as possible. Of course, human limitations are based on the limitations of reality, which are the perceived limits of existence &amp;ndash; or rather the limits of perception. The plain, simple and painful truth is that I am driven to do something that can not be done within those limits &amp;ndash; as we understand them.&lt;/p&gt;</description>
    </item>
    <item>
      <title>It Takes a Village to Break a Child</title>
      <link>http://localhost:1313/posts/2009/07/2009-07-24-it-takes-a-village-to-break-a-child/</link>
      <pubDate>Fri, 24 Jul 2009 00:00:00 +0000</pubDate>
      <guid>http://localhost:1313/posts/2009/07/2009-07-24-it-takes-a-village-to-break-a-child/</guid>
      <description>&lt;p&gt;I do not often get comments on my blog; if I exclude the pingbacks, spam and my own replies, I&amp;rsquo;ve received twenty-two comments from ten different individuals since I started the eye of paradox two years ago. Four of those people have identified themselves as transgendered, and like every transgendered person I&amp;rsquo;ve known, it has affected their lives as bad or worse than mine and I do not have to explain myself to them to be understood. For a long time, I&amp;rsquo;ve understood that this condition is difficult or even impossible for people who have not experienced it to comprehend. In order to live with normal people, the &amp;ldquo;cisgendered&amp;rdquo; if I use the term that&amp;rsquo;s come into use to describe those who identify with their birth sex, I&amp;rsquo;ve had to go to incredible lengths to comprehend and empathize with them. I&amp;rsquo;ve tried many, many times to find a way to describe what it feels like to live with this condition, hoping to make it easier for my family and friends to understand me. As I mentioned, I do not always like what comes out when I write on this topic, because it is a very intensely emotional issue and intensely emotional writing just encourages people to accuse me of being mellow-dramatic. I honestly expect most people to be driven away by the things I have written. Growing up, it did not take me long to learn how incredibly unsympathetic most people are about this issue. I was never asked to explain myself. With the exception of my adopted mother, who confronted me when I was six to ask if I wanted to be a girl, no one ever asked me why I acted like a girl. By the time she asked, I knew better than to admit it, since every other time someone noticed I was just slapped, spanked, or jerked around while being criticized for acting like a girl and being commanded to stop. That does not mean I was not asking myself why I acted like a girl. Even though the question was often on my mind, the only answer that ever rang true was the one that the facts denied.&lt;/p&gt;</description>
    </item>
    <item>
      <title>Point Penetrating Points Overlapping</title>
      <link>http://localhost:1313/posts/2009/07/2009-07-22-point-penetrating-points-overlapping/</link>
      <pubDate>Wed, 22 Jul 2009 00:00:00 +0000</pubDate>
      <guid>http://localhost:1313/posts/2009/07/2009-07-22-point-penetrating-points-overlapping/</guid>
      <description>&lt;p&gt;A number of my posts, particularly the ones dealing with transgender issues in my life, have been written on a long, dark night of the soul. It can be difficult to come back and read what I&amp;rsquo;ve posted and resist the urge to delete what I&amp;rsquo;ve written, because of how dark they are. I have moments when I think, if ever a family member happened to read them, some of what I&amp;rsquo;ve written could really hurt them. That was never the intention, and yet, there is a ring of truth to the posts I am not able to deny. It is an unfortunate fact that I&amp;rsquo;ve been hurt a great deal by people who never meant me harm because of things neither I nor they had any control over. It is not their fault that efforts to encourage my growth and development as a son or brother caused me so much pain; they were simply responding to what they perceived me to be. Our current society is the end product of thousands of generations of people struggling through life trying to make sense out of it. If that resulted in the division of human traits into masculine and feminine, and if the cultivation of gender roles led to a society that could not understand that there was a difference between the things that make people who they are and the things that make them what they are, it is not possible to assign fault or blame to any specific group, let alone a given person. As much as it would have made a difference in my life to have been raised among people who were more perceptive, or in a society that was more accepting of individual differences, I would still have grown up with the more difficult problem of being a girl in a boy&amp;rsquo;s body.&lt;/p&gt;</description>
    </item>
    <item>
      <title>Awakening</title>
      <link>http://localhost:1313/posts/2009/06/2009-06-30-111/</link>
      <pubDate>Tue, 30 Jun 2009 00:00:00 +0000</pubDate>
      <guid>http://localhost:1313/posts/2009/06/2009-06-30-111/</guid>
      <description>&lt;p&gt;I have pointed out before that my struggle with gender dysphoria prompted me to search in all directions for a solution to being born in the wrong body, and the determination with which I pursued that goal in spite of all doubts and discouragements &amp;ndash; even attempts to accept things the way they were, adapting to and adopting the identity imposed on me by circumstances &amp;ndash; says a lot about me, and even about what I ultimately concluded. My existence may be supported by reality, the physical, chemical, biological and sociological fabric out of which we all seem to be spun, but none of these things are me. I exist in my mind and that is why the way I perceive myself in my own mind can not only contradict my physical form, but trump it in importance to my survival. I have heard the theories and arguments on nature versus nurture and taking my own experience into consideration I can say that there are elements in both that can help shape who you are, but only by presenting the options or stimulus necessary for you to determine who you are. I cannot tell you if this is a process of creation or revelation; it feels like both. I am the driving and defining force within my own mind; my mind is the structure and articulation of my soul.&lt;/p&gt;</description>
    </item>
    <item>
      <title>Slightly Left of Nowhere</title>
      <link>http://localhost:1313/posts/2009/06/2009-06-28-slightly-left-of-nowhere/</link>
      <pubDate>Sun, 28 Jun 2009 00:00:00 +0000</pubDate>
      <guid>http://localhost:1313/posts/2009/06/2009-06-28-slightly-left-of-nowhere/</guid>
      <description>&lt;p&gt;I rarely have time to write or draw, and as my friend keeps reminding me, I&amp;rsquo;ve little hope making a living as an artist or writer. I have to agree, knowing that even brilliant writing and art takes a massive investment of time and effort up front. That seems to be a recurring theme in my life, however. I have never really had the things I needed to succeed in life. I have almost always had a reasonable substitute for the things I lack, which I am sure could have been used to achieve success, if success meant anything in the absence of a life worth living. The hard, cold facts of life undermine my identity and force me to live the life of a person that does not exist. I succeeded in earning enough to live and function as a man, but the process left me with no sense of myself as a person; nothing that I did felt real to me and nothing that I engaged in felt meaningful.&lt;/p&gt;</description>
    </item>
    <item>
      <title>It is Where You Can, and Yet... CAN You? On Writing What I Know.</title>
      <link>http://localhost:1313/posts/2009/06/2009-06-26-it-is-where-you-can-and-yet-can-you-on-writing-what-i-know/</link>
      <pubDate>Fri, 26 Jun 2009 00:00:00 +0000</pubDate>
      <guid>http://localhost:1313/posts/2009/06/2009-06-26-it-is-where-you-can-and-yet-can-you-on-writing-what-i-know/</guid>
      <description>&lt;p&gt;I may have commented on it in passing, and it is something I certainly never miss, but my art and writing have always brought out the real me. In a sense, that is appropriate enough; isn&amp;rsquo;t it a common recommendation that writers draw from their own experiences? I often feel that my escape into fantasy or science fiction has been good for my sanity, but bad for my hopes of a writing career. I could be wrong. I see enough gender bending in books, manga and film. I find it interesting that most cases involve a boy turned into a girl against his will. Interestingly enough, the first time I picked up an issue of Ranma 1/2, I put it back when I discovered that Ranma considered his ability to become a girl a curse. I did not think I could stomach reading about a guy hated having what I so desperately longed for. Months later, I gave Ranma 1/2 a second chance and eventually came to like him and appreciate what he was going through. I became a fan, read all the manga, watched as much of the anime as I could stand (if you&amp;rsquo;ve tried, you know why I say that), and even wrote over a million words of fan fiction. I&amp;rsquo;m still trying to complete volume five; it&amp;rsquo;s hard to give it my attention when I am struggling to hold myself together and it&amp;rsquo;s writing that doesn&amp;rsquo;t pay.&lt;/p&gt;</description>
    </item>
    <item>
      <title>Recapitulation &amp;amp; Reflection</title>
      <link>http://localhost:1313/posts/2009/06/2009-06-25-recapitulation-reflection/</link>
      <pubDate>Thu, 25 Jun 2009 00:00:00 +0000</pubDate>
      <guid>http://localhost:1313/posts/2009/06/2009-06-25-recapitulation-reflection/</guid>
      <description>&lt;p&gt;A person looking at my blog might get the impression that I do not get much writing done, and it is true that there are a lot of things in my life that get in the way of me writing most of the things I want to. The inside dope is that much of what I do write, I am not sure I want to share. Does anyone not afflicted with gender dysphoria even care about transgender issues? I honestly do not know. I&amp;rsquo;ve known people who were sympathetic, curious, interested, confused, upset and even terrified by the topic. It is an uncomfortable topic, and I do not blame people for not wanting to talk about it; and if no one wants to talk about it (except those of us who have to live with it) why would anyone want to read about it? I dunno, but I do have a lot to say about it, and sometimes I do not realize how much until the words start to spill out. Once they do, I begin to find clarity and focus. It helps me to write it, it helps me to come back and read it, and it has a place here in my blog, because it deals with the paradox of my life.&lt;/p&gt;</description>
    </item>
    <item>
      <title>The Damage is Done</title>
      <link>http://localhost:1313/posts/2008/05/2008-05-15-the-damage-is-done/</link>
      <pubDate>Thu, 15 May 2008 00:00:00 +0000</pubDate>
      <guid>http://localhost:1313/posts/2008/05/2008-05-15-the-damage-is-done/</guid>
      <description>&lt;p&gt;I wonder what is going to happen next. I wonder if I can hold it together to get a job and move out on my own. I wonder if I can manage to hold on to that job and support myself. I wonder, because I am not really wanted where I am. The only support I can count on, the support of my family and friends, is conditional. It always has been. It has always been conditional on me finding a way to get steady on my own two feet. The irony of that always brings a smile of agony. I know what they want, and that they want it for me, for me to become independent. It is something I do want. The problem is that it leaves me alone inside a life that holds absolutely no meaning for me. This person that I pretend to be, because he means something to his friends and family, means nothing to me. He does not mean enough, to the people who employ him, to have any purpose. He can be replaced by anyone and cannot compete with the living.&lt;/p&gt;</description>
    </item>
    <item>
      <title>A True Identity is Nothing to Fear</title>
      <link>http://localhost:1313/posts/2008/05/2008-05-14-a-true-identity-is-nothing-to-fear/</link>
      <pubDate>Wed, 14 May 2008 00:00:00 +0000</pubDate>
      <guid>http://localhost:1313/posts/2008/05/2008-05-14-a-true-identity-is-nothing-to-fear/</guid>
      <description>&lt;p&gt;The response I received to my last post, &lt;a href=&#34;http://eyeofparadox.com/2008/05/11/conundrum/&#34;&gt;Conundrum&lt;/a&gt;, prompted me to check out the recent posts of the people who commented or posted blogs in the transgender category yesterday. As a result, I became aware of the outcry against the appointment of Dr. Kenneth Zucker, Dr. Ray Blanchard, and J. Michael Bailey, by the American Psychiatric Association (APA), to the work group responsible for revising the entry for Gender Identity Disorder (GID) in the Manual for Diagnosis of Mental Disorders. The &lt;a href=&#34;http://genderoutlaw.wordpress.com/2008/05/11/the-apa-appointment-of-zucker-et-al-and-gender-variant-children/&#34;&gt;first blog&lt;/a&gt; I read on the subject, posted by Gender Outlaw, struck a very personal chord with me. In addition to being transgendered, I was put up for adoption when I was four and spent a year in foster care while the state attempted to contact my biological father so that he might claim his custody rights. It was during my time in foster care that I was terrorized out of identifying myself as a girl and learned to keep my true identity a secret. It took time to learn how to restrain my natural impulses and act like a boy, and the threat of abandonment and rejection was used to reinforce &amp;ldquo;correct&amp;rdquo; behavior. By the time I was adopted, this conditioning had scarred me for life, rendering me incapable of trusting anyone with my true thoughts and feelings. When my new family noticed my feminine traits and confronted me with questions about my behavior, or offered even a mild rebuke for &amp;ldquo;acting like a girl&amp;rdquo; I was consumed with that fear of rejection and lied to deflect any suspicions.&lt;/p&gt;</description>
    </item>
    <item>
      <title>Being at Odds with Life</title>
      <link>http://localhost:1313/posts/2007/08/2007-08-09-being-at-odds-with-life/</link>
      <pubDate>Thu, 09 Aug 2007 00:00:00 +0000</pubDate>
      <guid>http://localhost:1313/posts/2007/08/2007-08-09-being-at-odds-with-life/</guid>
      <description>&lt;p&gt;I never imagined that I had a monopoly on being at odds with life. It is simply a state of being with which I am much too familiar. I have spent most of my life struggling with things that most people take for granted, stumbling and falling in places where most people stride with confidence and conviction. Strangely, I can dance through other places where most people crawl along blindly in fear and confusion or turn and run from in terror. I am not like everyone else, and I can not just be like everyone else and do what everyone else does. In order to live like other people, I have to learn the role and act the part &amp;ndash; but the performance I put on never ends and by going through the motions I end up not having a life of my own.&lt;/p&gt;</description>
    </item>
    <item>
      <title>GID?</title>
      <link>http://localhost:1313/posts/2007/07/2007-07-20-gid/</link>
      <pubDate>Fri, 20 Jul 2007 00:00:00 +0000</pubDate>
      <guid>http://localhost:1313/posts/2007/07/2007-07-20-gid/</guid>
      <description>&lt;p&gt;In my bio on Helium, I confided a history of GID. That is Gender Identity Disorder, for those of you who did not know. There are a number of problems with that particular label for a condition that is poorly understood at best and entirely subjective at worst. Other terms that can be used are Gender Dysphoria or Transgendered, and like GID, there are issues inherent in their use as well.&lt;/p&gt;</description>
    </item>
  </channel>
</rss>
