<?xml version="1.0" encoding="utf-8" standalone="yes"?>
<rss version="2.0" xmlns:atom="http://www.w3.org/2005/Atom">
  <channel>
    <title>Free-Will on eyeofparadox.wordpress.echo</title>
    <link>http://localhost:1313/tags/free-will/</link>
    <description>Recent content in Free-Will on eyeofparadox.wordpress.echo</description>
    <generator>Hugo</generator>
    <language>en-us</language>
    <lastBuildDate>Sun, 26 Jul 2009 00:00:00 +0000</lastBuildDate>
    <atom:link href="http://localhost:1313/tags/free-will/index.xml" rel="self" type="application/rss+xml" />
    <item>
      <title>Staring into the Face of Truth</title>
      <link>http://localhost:1313/posts/2009/07/2009-07-26-staring-into-the-face-of-truth/</link>
      <pubDate>Sun, 26 Jul 2009 00:00:00 +0000</pubDate>
      <guid>http://localhost:1313/posts/2009/07/2009-07-26-staring-into-the-face-of-truth/</guid>
      <description>&lt;p&gt;&amp;ldquo;A story is as good a way to organize your thoughts as anything else,&amp;rdquo; she points out, poised in the shadows in the doorway. I quickly conclude that she is playing the part of my conscience. That, or devil&amp;rsquo;s advocate. Either way, she&amp;rsquo;s me. I cannot say she does not really exist without implying the same of myself. She is in my mind, and of my mind, so I do not look at her. She cannot be seen, not in the flesh anyway, but it&amp;rsquo;s not like I have to look at her to see her. &amp;ldquo;It&amp;rsquo;s been a long time since you&amp;rsquo;ve done this, though,&amp;rdquo; she observes, watching me carefully. I can tell there&amp;rsquo;s something on her mind. I can feel it. Technically, it&amp;rsquo;s on my mind, but I have long since learned that her thoughts are her own when she chooses to assert herself. It&amp;rsquo;s a bit like being in two places at the same time, a way to step outside my normal perspective and look at what I&amp;rsquo;ve become.&lt;/p&gt;</description>
    </item>
    <item>
      <title>It Takes a Village to Break a Child</title>
      <link>http://localhost:1313/posts/2009/07/2009-07-24-it-takes-a-village-to-break-a-child/</link>
      <pubDate>Fri, 24 Jul 2009 00:00:00 +0000</pubDate>
      <guid>http://localhost:1313/posts/2009/07/2009-07-24-it-takes-a-village-to-break-a-child/</guid>
      <description>&lt;p&gt;I do not often get comments on my blog; if I exclude the pingbacks, spam and my own replies, I&amp;rsquo;ve received twenty-two comments from ten different individuals since I started the eye of paradox two years ago. Four of those people have identified themselves as transgendered, and like every transgendered person I&amp;rsquo;ve known, it has affected their lives as bad or worse than mine and I do not have to explain myself to them to be understood. For a long time, I&amp;rsquo;ve understood that this condition is difficult or even impossible for people who have not experienced it to comprehend. In order to live with normal people, the &amp;ldquo;cisgendered&amp;rdquo; if I use the term that&amp;rsquo;s come into use to describe those who identify with their birth sex, I&amp;rsquo;ve had to go to incredible lengths to comprehend and empathize with them. I&amp;rsquo;ve tried many, many times to find a way to describe what it feels like to live with this condition, hoping to make it easier for my family and friends to understand me. As I mentioned, I do not always like what comes out when I write on this topic, because it is a very intensely emotional issue and intensely emotional writing just encourages people to accuse me of being mellow-dramatic. I honestly expect most people to be driven away by the things I have written. Growing up, it did not take me long to learn how incredibly unsympathetic most people are about this issue. I was never asked to explain myself. With the exception of my adopted mother, who confronted me when I was six to ask if I wanted to be a girl, no one ever asked me why I acted like a girl. By the time she asked, I knew better than to admit it, since every other time someone noticed I was just slapped, spanked, or jerked around while being criticized for acting like a girl and being commanded to stop. That does not mean I was not asking myself why I acted like a girl. Even though the question was often on my mind, the only answer that ever rang true was the one that the facts denied.&lt;/p&gt;</description>
    </item>
    <item>
      <title>Point Penetrating Points Overlapping</title>
      <link>http://localhost:1313/posts/2009/07/2009-07-22-point-penetrating-points-overlapping/</link>
      <pubDate>Wed, 22 Jul 2009 00:00:00 +0000</pubDate>
      <guid>http://localhost:1313/posts/2009/07/2009-07-22-point-penetrating-points-overlapping/</guid>
      <description>&lt;p&gt;A number of my posts, particularly the ones dealing with transgender issues in my life, have been written on a long, dark night of the soul. It can be difficult to come back and read what I&amp;rsquo;ve posted and resist the urge to delete what I&amp;rsquo;ve written, because of how dark they are. I have moments when I think, if ever a family member happened to read them, some of what I&amp;rsquo;ve written could really hurt them. That was never the intention, and yet, there is a ring of truth to the posts I am not able to deny. It is an unfortunate fact that I&amp;rsquo;ve been hurt a great deal by people who never meant me harm because of things neither I nor they had any control over. It is not their fault that efforts to encourage my growth and development as a son or brother caused me so much pain; they were simply responding to what they perceived me to be. Our current society is the end product of thousands of generations of people struggling through life trying to make sense out of it. If that resulted in the division of human traits into masculine and feminine, and if the cultivation of gender roles led to a society that could not understand that there was a difference between the things that make people who they are and the things that make them what they are, it is not possible to assign fault or blame to any specific group, let alone a given person. As much as it would have made a difference in my life to have been raised among people who were more perceptive, or in a society that was more accepting of individual differences, I would still have grown up with the more difficult problem of being a girl in a boy&amp;rsquo;s body.&lt;/p&gt;</description>
    </item>
  </channel>
</rss>
