<?xml version="1.0" encoding="utf-8" standalone="yes"?>
<rss version="2.0" xmlns:atom="http://www.w3.org/2005/Atom">
  <channel>
    <title>Despair on eyeofparadox.wordpress.echo</title>
    <link>http://localhost:1313/tags/despair/</link>
    <description>Recent content in Despair on eyeofparadox.wordpress.echo</description>
    <generator>Hugo</generator>
    <language>en-us</language>
    <lastBuildDate>Wed, 06 Apr 2016 00:00:00 +0000</lastBuildDate>
    <atom:link href="http://localhost:1313/tags/despair/index.xml" rel="self" type="application/rss+xml" />
    <item>
      <title>Does it ever get better?</title>
      <link>http://localhost:1313/posts/2016/04/2016-04-06-does-it-ever-get-better/</link>
      <pubDate>Wed, 06 Apr 2016 00:00:00 +0000</pubDate>
      <guid>http://localhost:1313/posts/2016/04/2016-04-06-does-it-ever-get-better/</guid>
      <description>&lt;p&gt;I am well acquainted with the depths of despair; that place where words hurt in every way and never more than when they give the faintest glimmer of the only thing that could possibly be worse than despair:&lt;/p&gt;&#xA;&lt;p&gt;&lt;strong&gt;Hope&lt;/strong&gt;.&lt;/p&gt;&#xA;&lt;p&gt;Hope makes you drag yourself through the hell you’re trapped in when you’re so broken it’s a miracle you can even move.&lt;/p&gt;&#xA;&lt;p&gt;Hope makes you choke down the agony and anguish, and endure whatever punishment life heaps on top of it, for the unlikely and virtually impossible chance you will survive the pain long enough to discover what it’s like to be free of it.&lt;/p&gt;</description>
    </item>
  </channel>
</rss>
