<?xml version="1.0" encoding="utf-8" standalone="yes"?>
<rss version="2.0" xmlns:atom="http://www.w3.org/2005/Atom">
  <channel>
    <title>Dimension on eyeofparadox.wordpress.echo</title>
    <link>http://localhost:1313/tags/dimension/</link>
    <description>Recent content in Dimension on eyeofparadox.wordpress.echo</description>
    <generator>Hugo</generator>
    <language>en-us</language>
    <lastBuildDate>Wed, 08 Jul 2009 00:00:00 +0000</lastBuildDate>
    <atom:link href="http://localhost:1313/tags/dimension/index.xml" rel="self" type="application/rss+xml" />
    <item>
      <title>Matter and Movement in Four--or More--Dimensions</title>
      <link>http://localhost:1313/posts/2009/07/2009-07-08-matter-and-movement-in-four-or-more-dimensions/</link>
      <pubDate>Wed, 08 Jul 2009 00:00:00 +0000</pubDate>
      <guid>http://localhost:1313/posts/2009/07/2009-07-08-matter-and-movement-in-four-or-more-dimensions/</guid>
      <description>&lt;p&gt;These days, it only takes a little curiosity, access to the Internet, and a bit of patience to find explanations of progressive spatial dimensions or examples of four dimensional geometry, such as the old favorite the hyper-square.&lt;/p&gt;&#xA;&lt;p&gt;Some of the things you will find use analogies like Flatland, or animations which is a way of using time and motion to reveal a higher dimensional object using a lower dimensional cross section.&lt;/p&gt;</description>
    </item>
    <item>
      <title>A Glimpse into the Eye of Paradox</title>
      <link>http://localhost:1313/posts/2009/07/2009-07-06-a-glimpse-into-the-eye-of-paradox/</link>
      <pubDate>Mon, 06 Jul 2009 00:00:00 +0000</pubDate>
      <guid>http://localhost:1313/posts/2009/07/2009-07-06-a-glimpse-into-the-eye-of-paradox/</guid>
      <description>&lt;p&gt;On any given day, a small handful of people find their way to the eye of paradox. Some of them probably just glance at an article to see if it&amp;rsquo;s relevant to the search that brought them here. One or two might actually read something.&lt;/p&gt;&#xA;&lt;p&gt;Once in a blue moon, someone leaves a short comment.&lt;/p&gt;&#xA;&lt;p&gt;Taken all together, I do not see anything to indicate that my words mean much. Is that frustrating?&lt;/p&gt;</description>
    </item>
  </channel>
</rss>
