<?xml version="1.0" encoding="utf-8" standalone="yes"?>
<rss version="2.0" xmlns:atom="http://www.w3.org/2005/Atom">
  <channel>
    <title>Paper on eyeofparadox.wordpress.echo</title>
    <link>http://localhost:1313/categories/paper/</link>
    <description>Recent content in Paper on eyeofparadox.wordpress.echo</description>
    <generator>Hugo</generator>
    <language>en-us</language>
    <lastBuildDate>Mon, 26 May 2025 00:00:00 +0000</lastBuildDate>
    <atom:link href="http://localhost:1313/categories/paper/index.xml" rel="self" type="application/rss+xml" />
    <item>
      <title>Proposed Doctrine of „ Notation</title>
      <link>http://localhost:1313/posts/2025/05/2025-05-26-proposed-doctrine-of-duo-comma-notation/</link>
      <pubDate>Mon, 26 May 2025 00:00:00 +0000</pubDate>
      <guid>http://localhost:1313/posts/2025/05/2025-05-26-proposed-doctrine-of-duo-comma-notation/</guid>
      <description>&lt;p&gt;&lt;strong&gt;Introduction to the Doctrine of &lt;em&gt;&lt;code&gt;„&lt;/code&gt;&lt;/em&gt; Notation&lt;/strong&gt;&lt;/p&gt;&#xA;&lt;p&gt;The idea behind &lt;strong&gt;„&lt;/strong&gt; notation originated from a necessity—how do we create a &lt;strong&gt;concise, yet expressive&lt;/strong&gt; system for defining structured relationships between elements? Whether dealing with &lt;strong&gt;datasets, filenames, computational hierarchies, or exclusions&lt;/strong&gt;, conventional formats often lacked clarity or introduced unnecessary ambiguity.&lt;/p&gt;&#xA;&lt;p&gt;This notation emerged as a &lt;strong&gt;solution&lt;/strong&gt;, offering a way to &lt;strong&gt;track divisions, subsets, sequencing, and structured logic&lt;/strong&gt; in a simple yet powerful syntax.&lt;/p&gt;</description>
    </item>
    <item>
      <title>Poetry and Figurative Language Paper</title>
      <link>http://localhost:1313/posts/2016/08/2016-08-25-poetry-and-figurative-language-paper/</link>
      <pubDate>Thu, 25 Aug 2016 00:00:00 +0000</pubDate>
      <guid>http://localhost:1313/posts/2016/08/2016-08-25-poetry-and-figurative-language-paper/</guid>
      <description>&lt;p&gt; &lt;/p&gt;&#xA;&lt;p&gt;&lt;strong&gt;April 6, 2009&lt;/strong&gt;&lt;/p&gt;&#xA;&lt;p&gt;&lt;strong&gt;ENG 340 - Creative Writing&lt;/strong&gt;&lt;/p&gt;&#xA;&lt;p&gt;&lt;strong&gt;Dr. Shari Muench, EdD.&lt;/strong&gt;&lt;/p&gt;&#xA;&lt;hr&gt;&#xA;&lt;p&gt; &lt;/p&gt;&#xA;&lt;p&gt;A pen and a piece of paper might technically be the only “tools” a poet requires, but there are many “literary” tools at his (or her) disposal as well. In addition to imagination and a little flirtation with the Muse, a poet uses many other elements of writing to craft his (or her) messages to the heart and soul. This paper looks at the works of three great poets, three extraordinary poems, and explores the imagery, metaphors, rhyme and structure that make them so great. Examples from William Shakespeare’s sonnet, “When, in Disgrace with Fortune and Men’s Eyes” (Thiel, 2004, p.311), Robert Frost’s “The Road Not Taken” (Thiel, 2004, p.297), and Craig Raine’s, “A Martian Sends a Postcard Home” (Thiel, 2004, p.308) will be used to discuss the importance of figurative language in poetry and how it communicates to the reader.&lt;/p&gt;</description>
    </item>
  </channel>
</rss>
