<?xml version="1.0" encoding="utf-8" standalone="yes"?>
<rss version="2.0" xmlns:atom="http://www.w3.org/2005/Atom">
  <channel>
    <title>Discrimination on eyeofparadox.wordpress.echo</title>
    <link>http://localhost:1313/categories/discrimination/</link>
    <description>Recent content in Discrimination on eyeofparadox.wordpress.echo</description>
    <generator>Hugo</generator>
    <language>en-us</language>
    <lastBuildDate>Fri, 24 Jul 2009 00:00:00 +0000</lastBuildDate>
    <atom:link href="http://localhost:1313/categories/discrimination/index.xml" rel="self" type="application/rss+xml" />
    <item>
      <title>It Takes a Village to Break a Child</title>
      <link>http://localhost:1313/posts/2009/07/2009-07-24-it-takes-a-village-to-break-a-child/</link>
      <pubDate>Fri, 24 Jul 2009 00:00:00 +0000</pubDate>
      <guid>http://localhost:1313/posts/2009/07/2009-07-24-it-takes-a-village-to-break-a-child/</guid>
      <description>&lt;p&gt;I do not often get comments on my blog; if I exclude the pingbacks, spam and my own replies, I&amp;rsquo;ve received twenty-two comments from ten different individuals since I started the eye of paradox two years ago. Four of those people have identified themselves as transgendered, and like every transgendered person I&amp;rsquo;ve known, it has affected their lives as bad or worse than mine and I do not have to explain myself to them to be understood. For a long time, I&amp;rsquo;ve understood that this condition is difficult or even impossible for people who have not experienced it to comprehend. In order to live with normal people, the &amp;ldquo;cisgendered&amp;rdquo; if I use the term that&amp;rsquo;s come into use to describe those who identify with their birth sex, I&amp;rsquo;ve had to go to incredible lengths to comprehend and empathize with them. I&amp;rsquo;ve tried many, many times to find a way to describe what it feels like to live with this condition, hoping to make it easier for my family and friends to understand me. As I mentioned, I do not always like what comes out when I write on this topic, because it is a very intensely emotional issue and intensely emotional writing just encourages people to accuse me of being mellow-dramatic. I honestly expect most people to be driven away by the things I have written. Growing up, it did not take me long to learn how incredibly unsympathetic most people are about this issue. I was never asked to explain myself. With the exception of my adopted mother, who confronted me when I was six to ask if I wanted to be a girl, no one ever asked me why I acted like a girl. By the time she asked, I knew better than to admit it, since every other time someone noticed I was just slapped, spanked, or jerked around while being criticized for acting like a girl and being commanded to stop. That does not mean I was not asking myself why I acted like a girl. Even though the question was often on my mind, the only answer that ever rang true was the one that the facts denied.&lt;/p&gt;</description>
    </item>
    <item>
      <title>Hidden in Plain Sight</title>
      <link>http://localhost:1313/posts/2009/07/2009-07-07-hidden-in-plain-sight/</link>
      <pubDate>Tue, 07 Jul 2009 00:00:00 +0000</pubDate>
      <guid>http://localhost:1313/posts/2009/07/2009-07-07-hidden-in-plain-sight/</guid>
      <description>&lt;p&gt;On April 27, 2008 at 12:36 am, I began a post &amp;ndash; this post, actually &amp;ndash; but got no further than the title. I don&amp;rsquo;t know if that was because that title summed up my feelings so well that there was no point to writing any further about what was on my mind. Yesterday, those words came back to me at the conclusion of &lt;a href=&#34;http://eyeofparadox.com/2009/07/06/a-glimpse-into-the-eye-of-paradox/&#34;&gt;A Glimpse into the Eye of Paradox&lt;/a&gt;. I&amp;rsquo;ve always thought of the truth as something that is hidden in plain sight, and approached it as something that we take so much for granted we really don&amp;rsquo;t know what to do with it. One might as well say that the truth that can be put into words is not the truth. Communication is more a matter of interpretation, and there is no singularity to interpretation. The truth is out there, and every time we encounter it, we are seeing it from a limited point of view. When we come across it again from a different point of view, we still recognize it as the truth but it not only appears different, we ourselves understand it in a different context.&lt;/p&gt;</description>
    </item>
    <item>
      <title>A True Identity is Nothing to Fear</title>
      <link>http://localhost:1313/posts/2008/05/2008-05-14-a-true-identity-is-nothing-to-fear/</link>
      <pubDate>Wed, 14 May 2008 00:00:00 +0000</pubDate>
      <guid>http://localhost:1313/posts/2008/05/2008-05-14-a-true-identity-is-nothing-to-fear/</guid>
      <description>&lt;p&gt;The response I received to my last post, &lt;a href=&#34;http://eyeofparadox.com/2008/05/11/conundrum/&#34;&gt;Conundrum&lt;/a&gt;, prompted me to check out the recent posts of the people who commented or posted blogs in the transgender category yesterday. As a result, I became aware of the outcry against the appointment of Dr. Kenneth Zucker, Dr. Ray Blanchard, and J. Michael Bailey, by the American Psychiatric Association (APA), to the work group responsible for revising the entry for Gender Identity Disorder (GID) in the Manual for Diagnosis of Mental Disorders. The &lt;a href=&#34;http://genderoutlaw.wordpress.com/2008/05/11/the-apa-appointment-of-zucker-et-al-and-gender-variant-children/&#34;&gt;first blog&lt;/a&gt; I read on the subject, posted by Gender Outlaw, struck a very personal chord with me. In addition to being transgendered, I was put up for adoption when I was four and spent a year in foster care while the state attempted to contact my biological father so that he might claim his custody rights. It was during my time in foster care that I was terrorized out of identifying myself as a girl and learned to keep my true identity a secret. It took time to learn how to restrain my natural impulses and act like a boy, and the threat of abandonment and rejection was used to reinforce &amp;ldquo;correct&amp;rdquo; behavior. By the time I was adopted, this conditioning had scarred me for life, rendering me incapable of trusting anyone with my true thoughts and feelings. When my new family noticed my feminine traits and confronted me with questions about my behavior, or offered even a mild rebuke for &amp;ldquo;acting like a girl&amp;rdquo; I was consumed with that fear of rejection and lied to deflect any suspicions.&lt;/p&gt;</description>
    </item>
    <item>
      <title>The Impact of Social Stratification</title>
      <link>http://localhost:1313/posts/2007/08/2007-08-22-the-impact-of-social-stratification/</link>
      <pubDate>Wed, 22 Aug 2007 00:00:00 +0000</pubDate>
      <guid>http://localhost:1313/posts/2007/08/2007-08-22-the-impact-of-social-stratification/</guid>
      <description>&lt;p&gt;We&amp;rsquo;re all human. None of us have a say in what circumstances we are born. Pretty much any other characteristic by which people can be defined produces some form of social stratification.&lt;/p&gt;&#xA;&lt;p&gt;Thinking about it boggles the mind.&lt;/p&gt;&#xA;&lt;p&gt;I&amp;rsquo;ve grown up with the ideas of caste and class, and tried to understand how anyone can willingly accept being &amp;ldquo;put in their place&amp;rdquo; by the people around them. In the end, I think it all comes down to the perception of power, the ways in which circumstances can be used to dominate society.&lt;/p&gt;</description>
    </item>
    <item>
      <title>The Best Way to Fit In? Don&#39;t Stand Out</title>
      <link>http://localhost:1313/posts/2007/08/2007-08-13-the-best-way-to-fit-in-dont-stand-out/</link>
      <pubDate>Mon, 13 Aug 2007 00:00:00 +0000</pubDate>
      <guid>http://localhost:1313/posts/2007/08/2007-08-13-the-best-way-to-fit-in-dont-stand-out/</guid>
      <description>&lt;p&gt;Grouping is an activity that comes instinctively and automatically to people. It is part of a filtering process that allows us to make sense of our universe.&lt;/p&gt;&#xA;&lt;p&gt;Anything can serve as criteria for grouping, but because this is a perceptual-interpretive process; differences and similarities in physical characteristics are the most prevalent. As we learn and grow, we also associate ideas and experiences with the items in our cognitive inventory.&lt;/p&gt;&#xA;&lt;p&gt;We give values to people, places and things based on personal experience, inherited attitudes and beliefs, and assumptions. Part of our ability to form instant impressions and make immediate judgments is based upon preconception&amp;ndash;ideas we have formed previously.&lt;/p&gt;</description>
    </item>
  </channel>
</rss>
