<?xml version="1.0" encoding="utf-8" standalone="yes"?>
<rss version="2.0" xmlns:atom="http://www.w3.org/2005/Atom">
  <channel>
    <title>Notation on eyeofparadox.wordpress.echo</title>
    <link>http://localhost:1313/tags/notation/</link>
    <description>Recent content in Notation on eyeofparadox.wordpress.echo</description>
    <generator>Hugo</generator>
    <language>en-us</language>
    <lastBuildDate>Mon, 26 May 2025 00:00:00 +0000</lastBuildDate>
    <atom:link href="http://localhost:1313/tags/notation/index.xml" rel="self" type="application/rss+xml" />
    <item>
      <title>Proposed Doctrine of „ Notation</title>
      <link>http://localhost:1313/posts/2025/05/2025-05-26-proposed-doctrine-of-duo-comma-notation/</link>
      <pubDate>Mon, 26 May 2025 00:00:00 +0000</pubDate>
      <guid>http://localhost:1313/posts/2025/05/2025-05-26-proposed-doctrine-of-duo-comma-notation/</guid>
      <description>&lt;p&gt;&lt;strong&gt;Introduction to the Doctrine of &lt;em&gt;&lt;code&gt;„&lt;/code&gt;&lt;/em&gt; Notation&lt;/strong&gt;&lt;/p&gt;&#xA;&lt;p&gt;The idea behind &lt;strong&gt;„&lt;/strong&gt; notation originated from a necessity—how do we create a &lt;strong&gt;concise, yet expressive&lt;/strong&gt; system for defining structured relationships between elements? Whether dealing with &lt;strong&gt;datasets, filenames, computational hierarchies, or exclusions&lt;/strong&gt;, conventional formats often lacked clarity or introduced unnecessary ambiguity.&lt;/p&gt;&#xA;&lt;p&gt;This notation emerged as a &lt;strong&gt;solution&lt;/strong&gt;, offering a way to &lt;strong&gt;track divisions, subsets, sequencing, and structured logic&lt;/strong&gt; in a simple yet powerful syntax.&lt;/p&gt;</description>
    </item>
  </channel>
</rss>
