<?xml version="1.0" encoding="utf-8" standalone="yes"?>
<rss version="2.0" xmlns:atom="http://www.w3.org/2005/Atom">
  <channel>
    <title>Quantum-Mechanics on eyeofparadox.wordpress.echo</title>
    <link>http://localhost:1313/tags/quantum-mechanics/</link>
    <description>Recent content in Quantum-Mechanics on eyeofparadox.wordpress.echo</description>
    <generator>Hugo</generator>
    <language>en-us</language>
    <lastBuildDate>Tue, 18 Nov 2025 00:00:00 +0000</lastBuildDate>
    <atom:link href="http://localhost:1313/tags/quantum-mechanics/index.xml" rel="self" type="application/rss+xml" />
    <item>
      <title>Physics in a Distributed, Process Driven, Information-Based Universe</title>
      <link>http://localhost:1313/posts/2025/11/2025-11-18-physics-in-a-distributed-process-driven-information-based-universe/</link>
      <pubDate>Tue, 18 Nov 2025 00:00:00 +0000</pubDate>
      <guid>http://localhost:1313/posts/2025/11/2025-11-18-physics-in-a-distributed-process-driven-information-based-universe/</guid>
      <description>&lt;p&gt;&lt;strong&gt;Implications of Division by Zero and Point Paradox&lt;/strong&gt;&lt;/p&gt;&#xA;&lt;hr&gt;&#xA;&lt;p&gt;&lt;strong&gt;Thought for the day&lt;/strong&gt;: My mind wandered back to division by zero and it suddenly struck me that, if applicable in nature, it would be the point where a value ceases to be &lt;em&gt;quanta&lt;/em&gt; and becomes &lt;em&gt;qualia&lt;/em&gt;. I did not see it for a while. I got to it by thinking about what&amp;rsquo;s hidden in plain sight in the concepts of quantum mechanics, and remembering a simple-but-paradoxical description of a hypersphere as &amp;ldquo;a sphere whose surface is nowhere, its focus is everywhere, and its radius infinite&amp;rdquo;.&lt;/p&gt;</description>
    </item>
  </channel>
</rss>
