<?xml version="1.0" encoding="utf-8" standalone="yes"?>
<rss version="2.0" xmlns:atom="http://www.w3.org/2005/Atom">
  <channel>
    <title>Matter on eyeofparadox.wordpress.echo</title>
    <link>http://localhost:1313/tags/matter/</link>
    <description>Recent content in Matter on eyeofparadox.wordpress.echo</description>
    <generator>Hugo</generator>
    <language>en-us</language>
    <lastBuildDate>Wed, 08 Jul 2009 00:00:00 +0000</lastBuildDate>
    <atom:link href="http://localhost:1313/tags/matter/index.xml" rel="self" type="application/rss+xml" />
    <item>
      <title>Matter and Movement in Four--or More--Dimensions</title>
      <link>http://localhost:1313/posts/2009/07/2009-07-08-matter-and-movement-in-four-or-more-dimensions/</link>
      <pubDate>Wed, 08 Jul 2009 00:00:00 +0000</pubDate>
      <guid>http://localhost:1313/posts/2009/07/2009-07-08-matter-and-movement-in-four-or-more-dimensions/</guid>
      <description>&lt;p&gt;These days, it only takes a little curiosity, access to the Internet, and a bit of patience to find explanations of progressive spatial dimensions or examples of four dimensional geometry, such as the old favorite the hyper-square.&lt;/p&gt;&#xA;&lt;p&gt;Some of the things you will find use analogies like Flatland, or animations which is a way of using time and motion to reveal a higher dimensional object using a lower dimensional cross section.&lt;/p&gt;</description>
    </item>
  </channel>
</rss>
