<?xml version="1.0" encoding="utf-8" standalone="yes"?>
<rss version="2.0" xmlns:atom="http://www.w3.org/2005/Atom">
  <channel>
    <title>Categories on eyeofparadox.wordpress.echo</title>
    <link>http://localhost:1313/categories/</link>
    <description>Recent content in Categories on eyeofparadox.wordpress.echo</description>
    <generator>Hugo</generator>
    <language>en-us</language>
    <lastBuildDate>Wed, 19 Nov 2025 00:00:00 +0000</lastBuildDate>
    <atom:link href="http://localhost:1313/categories/index.xml" rel="self" type="application/rss+xml" />
    <item>
      <title>Writing</title>
      <link>http://localhost:1313/categories/writing/</link>
      <pubDate>Wed, 19 Nov 2025 00:00:00 +0000</pubDate>
      <guid>http://localhost:1313/categories/writing/</guid>
      <description></description>
    </item>
    <item>
      <title>Absolute</title>
      <link>http://localhost:1313/categories/absolute/</link>
      <pubDate>Tue, 18 Nov 2025 00:00:00 +0000</pubDate>
      <guid>http://localhost:1313/categories/absolute/</guid>
      <description></description>
    </item>
    <item>
      <title>Dimensions</title>
      <link>http://localhost:1313/categories/dimensions/</link>
      <pubDate>Tue, 18 Nov 2025 00:00:00 +0000</pubDate>
      <guid>http://localhost:1313/categories/dimensions/</guid>
      <description></description>
    </item>
    <item>
      <title>Distributed-Process</title>
      <link>http://localhost:1313/categories/distributed-process/</link>
      <pubDate>Tue, 18 Nov 2025 00:00:00 +0000</pubDate>
      <guid>http://localhost:1313/categories/distributed-process/</guid>
      <description></description>
    </item>
    <item>
      <title>Epiphanies</title>
      <link>http://localhost:1313/categories/epiphanies/</link>
      <pubDate>Tue, 18 Nov 2025 00:00:00 +0000</pubDate>
      <guid>http://localhost:1313/categories/epiphanies/</guid>
      <description></description>
    </item>
    <item>
      <title>Gravity</title>
      <link>http://localhost:1313/categories/gravity/</link>
      <pubDate>Tue, 18 Nov 2025 00:00:00 +0000</pubDate>
      <guid>http://localhost:1313/categories/gravity/</guid>
      <description></description>
    </item>
    <item>
      <title>Paradox</title>
      <link>http://localhost:1313/categories/paradox/</link>
      <pubDate>Tue, 18 Nov 2025 00:00:00 +0000</pubDate>
      <guid>http://localhost:1313/categories/paradox/</guid>
      <description></description>
    </item>
    <item>
      <title>Personal-Musings</title>
      <link>http://localhost:1313/categories/personal-musings/</link>
      <pubDate>Tue, 18 Nov 2025 00:00:00 +0000</pubDate>
      <guid>http://localhost:1313/categories/personal-musings/</guid>
      <description></description>
    </item>
    <item>
      <title>Physics</title>
      <link>http://localhost:1313/categories/physics/</link>
      <pubDate>Tue, 18 Nov 2025 00:00:00 +0000</pubDate>
      <guid>http://localhost:1313/categories/physics/</guid>
      <description></description>
    </item>
    <item>
      <title>Singularity</title>
      <link>http://localhost:1313/categories/singularity/</link>
      <pubDate>Tue, 18 Nov 2025 00:00:00 +0000</pubDate>
      <guid>http://localhost:1313/categories/singularity/</guid>
      <description></description>
    </item>
    <item>
      <title>Space</title>
      <link>http://localhost:1313/categories/space/</link>
      <pubDate>Tue, 18 Nov 2025 00:00:00 +0000</pubDate>
      <guid>http://localhost:1313/categories/space/</guid>
      <description></description>
    </item>
    <item>
      <title>Time</title>
      <link>http://localhost:1313/categories/time/</link>
      <pubDate>Tue, 18 Nov 2025 00:00:00 +0000</pubDate>
      <guid>http://localhost:1313/categories/time/</guid>
      <description></description>
    </item>
    <item>
      <title>Understanding</title>
      <link>http://localhost:1313/categories/understanding/</link>
      <pubDate>Tue, 18 Nov 2025 00:00:00 +0000</pubDate>
      <guid>http://localhost:1313/categories/understanding/</guid>
      <description></description>
    </item>
    <item>
      <title>Universe</title>
      <link>http://localhost:1313/categories/universe/</link>
      <pubDate>Tue, 18 Nov 2025 00:00:00 +0000</pubDate>
      <guid>http://localhost:1313/categories/universe/</guid>
      <description></description>
    </item>
    <item>
      <title>Auto-Publishing</title>
      <link>http://localhost:1313/categories/auto-publishing/</link>
      <pubDate>Mon, 26 May 2025 00:00:00 +0000</pubDate>
      <guid>http://localhost:1313/categories/auto-publishing/</guid>
      <description></description>
    </item>
    <item>
      <title>Inspirations</title>
      <link>http://localhost:1313/categories/inspirations/</link>
      <pubDate>Mon, 26 May 2025 00:00:00 +0000</pubDate>
      <guid>http://localhost:1313/categories/inspirations/</guid>
      <description></description>
    </item>
    <item>
      <title>Notation</title>
      <link>http://localhost:1313/categories/notation/</link>
      <pubDate>Mon, 26 May 2025 00:00:00 +0000</pubDate>
      <guid>http://localhost:1313/categories/notation/</guid>
      <description></description>
    </item>
    <item>
      <title>Paper</title>
      <link>http://localhost:1313/categories/paper/</link>
      <pubDate>Mon, 26 May 2025 00:00:00 +0000</pubDate>
      <guid>http://localhost:1313/categories/paper/</guid>
      <description></description>
    </item>
    <item>
      <title>Article</title>
      <link>http://localhost:1313/categories/article/</link>
      <pubDate>Mon, 10 Oct 2022 00:00:00 +0000</pubDate>
      <guid>http://localhost:1313/categories/article/</guid>
      <description></description>
    </item>
    <item>
      <title>Awareness</title>
      <link>http://localhost:1313/categories/awareness/</link>
      <pubDate>Sun, 16 Sep 2018 00:00:00 +0000</pubDate>
      <guid>http://localhost:1313/categories/awareness/</guid>
      <description></description>
    </item>
    <item>
      <title>Free-Will</title>
      <link>http://localhost:1313/categories/free-will/</link>
      <pubDate>Sun, 16 Sep 2018 00:00:00 +0000</pubDate>
      <guid>http://localhost:1313/categories/free-will/</guid>
      <description></description>
    </item>
    <item>
      <title>Mind</title>
      <link>http://localhost:1313/categories/mind/</link>
      <pubDate>Sun, 16 Sep 2018 00:00:00 +0000</pubDate>
      <guid>http://localhost:1313/categories/mind/</guid>
      <description></description>
    </item>
    <item>
      <title>Degreestory</title>
      <link>http://localhost:1313/categories/degreestory/</link>
      <pubDate>Thu, 25 Aug 2016 00:00:00 +0000</pubDate>
      <guid>http://localhost:1313/categories/degreestory/</guid>
      <description></description>
    </item>
    <item>
      <title>Despair</title>
      <link>http://localhost:1313/categories/despair/</link>
      <pubDate>Thu, 25 Aug 2016 00:00:00 +0000</pubDate>
      <guid>http://localhost:1313/categories/despair/</guid>
      <description></description>
    </item>
    <item>
      <title>Editorial</title>
      <link>http://localhost:1313/categories/editorial/</link>
      <pubDate>Thu, 25 Aug 2016 00:00:00 +0000</pubDate>
      <guid>http://localhost:1313/categories/editorial/</guid>
      <description></description>
    </item>
    <item>
      <title>Education</title>
      <link>http://localhost:1313/categories/education/</link>
      <pubDate>Thu, 25 Aug 2016 00:00:00 +0000</pubDate>
      <guid>http://localhost:1313/categories/education/</guid>
      <description></description>
    </item>
    <item>
      <title>Existentialism</title>
      <link>http://localhost:1313/categories/existentialism/</link>
      <pubDate>Thu, 25 Aug 2016 00:00:00 +0000</pubDate>
      <guid>http://localhost:1313/categories/existentialism/</guid>
      <description></description>
    </item>
    <item>
      <title>Fair-Play</title>
      <link>http://localhost:1313/categories/fair-play/</link>
      <pubDate>Thu, 25 Aug 2016 00:00:00 +0000</pubDate>
      <guid>http://localhost:1313/categories/fair-play/</guid>
      <description></description>
    </item>
    <item>
      <title>Gender</title>
      <link>http://localhost:1313/categories/gender/</link>
      <pubDate>Thu, 25 Aug 2016 00:00:00 +0000</pubDate>
      <guid>http://localhost:1313/categories/gender/</guid>
      <description></description>
    </item>
    <item>
      <title>Identity</title>
      <link>http://localhost:1313/categories/identity/</link>
      <pubDate>Thu, 25 Aug 2016 00:00:00 +0000</pubDate>
      <guid>http://localhost:1313/categories/identity/</guid>
      <description></description>
    </item>
    <item>
      <title>Jobs</title>
      <link>http://localhost:1313/categories/jobs/</link>
      <pubDate>Thu, 25 Aug 2016 00:00:00 +0000</pubDate>
      <guid>http://localhost:1313/categories/jobs/</guid>
      <description></description>
    </item>
    <item>
      <title>Soul</title>
      <link>http://localhost:1313/categories/soul/</link>
      <pubDate>Thu, 25 Aug 2016 00:00:00 +0000</pubDate>
      <guid>http://localhost:1313/categories/soul/</guid>
      <description></description>
    </item>
    <item>
      <title>Suffering</title>
      <link>http://localhost:1313/categories/suffering/</link>
      <pubDate>Thu, 25 Aug 2016 00:00:00 +0000</pubDate>
      <guid>http://localhost:1313/categories/suffering/</guid>
      <description></description>
    </item>
    <item>
      <title>Transgender</title>
      <link>http://localhost:1313/categories/transgender/</link>
      <pubDate>Thu, 25 Aug 2016 00:00:00 +0000</pubDate>
      <guid>http://localhost:1313/categories/transgender/</guid>
      <description></description>
    </item>
    <item>
      <title>Truth</title>
      <link>http://localhost:1313/categories/truth/</link>
      <pubDate>Thu, 25 Aug 2016 00:00:00 +0000</pubDate>
      <guid>http://localhost:1313/categories/truth/</guid>
      <description></description>
    </item>
    <item>
      <title>Reflection</title>
      <link>http://localhost:1313/categories/reflection/</link>
      <pubDate>Sat, 20 Aug 2016 00:00:00 +0000</pubDate>
      <guid>http://localhost:1313/categories/reflection/</guid>
      <description></description>
    </item>
    <item>
      <title>Death</title>
      <link>http://localhost:1313/categories/death/</link>
      <pubDate>Wed, 06 Apr 2016 00:00:00 +0000</pubDate>
      <guid>http://localhost:1313/categories/death/</guid>
      <description></description>
    </item>
    <item>
      <title>End-of-the-World</title>
      <link>http://localhost:1313/categories/end-of-the-world/</link>
      <pubDate>Wed, 06 Apr 2016 00:00:00 +0000</pubDate>
      <guid>http://localhost:1313/categories/end-of-the-world/</guid>
      <description></description>
    </item>
    <item>
      <title>Individuality</title>
      <link>http://localhost:1313/categories/individuality/</link>
      <pubDate>Wed, 06 Apr 2016 00:00:00 +0000</pubDate>
      <guid>http://localhost:1313/categories/individuality/</guid>
      <description></description>
    </item>
    <item>
      <title>Suicide</title>
      <link>http://localhost:1313/categories/suicide/</link>
      <pubDate>Wed, 06 Apr 2016 00:00:00 +0000</pubDate>
      <guid>http://localhost:1313/categories/suicide/</guid>
      <description></description>
    </item>
    <item>
      <title>Society</title>
      <link>http://localhost:1313/categories/society/</link>
      <pubDate>Sun, 27 Sep 2009 00:00:00 +0000</pubDate>
      <guid>http://localhost:1313/categories/society/</guid>
      <description></description>
    </item>
    <item>
      <title>Short-Fiction</title>
      <link>http://localhost:1313/categories/short-fiction/</link>
      <pubDate>Sun, 26 Jul 2009 00:00:00 +0000</pubDate>
      <guid>http://localhost:1313/categories/short-fiction/</guid>
      <description></description>
    </item>
    <item>
      <title>Voices-in-My-Head</title>
      <link>http://localhost:1313/categories/voices-in-my-head/</link>
      <pubDate>Sun, 26 Jul 2009 00:00:00 +0000</pubDate>
      <guid>http://localhost:1313/categories/voices-in-my-head/</guid>
      <description></description>
    </item>
    <item>
      <title>Discrimination</title>
      <link>http://localhost:1313/categories/discrimination/</link>
      <pubDate>Fri, 24 Jul 2009 00:00:00 +0000</pubDate>
      <guid>http://localhost:1313/categories/discrimination/</guid>
      <description></description>
    </item>
    <item>
      <title>Reader-Response</title>
      <link>http://localhost:1313/categories/reader-response/</link>
      <pubDate>Fri, 24 Jul 2009 00:00:00 +0000</pubDate>
      <guid>http://localhost:1313/categories/reader-response/</guid>
      <description></description>
    </item>
    <item>
      <title>Friend</title>
      <link>http://localhost:1313/categories/friend/</link>
      <pubDate>Sat, 11 Jul 2009 00:00:00 +0000</pubDate>
      <guid>http://localhost:1313/categories/friend/</guid>
      <description></description>
    </item>
    <item>
      <title>Stranger</title>
      <link>http://localhost:1313/categories/stranger/</link>
      <pubDate>Tue, 07 Jul 2009 00:00:00 +0000</pubDate>
      <guid>http://localhost:1313/categories/stranger/</guid>
      <description></description>
    </item>
    <item>
      <title>Minorities</title>
      <link>http://localhost:1313/categories/minorities/</link>
      <pubDate>Thu, 25 Jun 2009 00:00:00 +0000</pubDate>
      <guid>http://localhost:1313/categories/minorities/</guid>
      <description></description>
    </item>
    <item>
      <title>Helium</title>
      <link>http://localhost:1313/categories/helium/</link>
      <pubDate>Fri, 03 Oct 2008 00:00:00 +0000</pubDate>
      <guid>http://localhost:1313/categories/helium/</guid>
      <description></description>
    </item>
    <item>
      <title>Voidscapes</title>
      <link>http://localhost:1313/categories/voidscapes/</link>
      <pubDate>Tue, 30 Sep 2008 00:00:00 +0000</pubDate>
      <guid>http://localhost:1313/categories/voidscapes/</guid>
      <description></description>
    </item>
    <item>
      <title>Mathematics</title>
      <link>http://localhost:1313/categories/mathematics/</link>
      <pubDate>Thu, 18 Sep 2008 00:00:00 +0000</pubDate>
      <guid>http://localhost:1313/categories/mathematics/</guid>
      <description></description>
    </item>
    <item>
      <title>Social-Stratification</title>
      <link>http://localhost:1313/categories/social-stratification/</link>
      <pubDate>Wed, 14 May 2008 00:00:00 +0000</pubDate>
      <guid>http://localhost:1313/categories/social-stratification/</guid>
      <description></description>
    </item>
    <item>
      <title>Evil</title>
      <link>http://localhost:1313/categories/evil/</link>
      <pubDate>Wed, 22 Aug 2007 00:00:00 +0000</pubDate>
      <guid>http://localhost:1313/categories/evil/</guid>
      <description></description>
    </item>
    <item>
      <title>Sociology</title>
      <link>http://localhost:1313/categories/sociology/</link>
      <pubDate>Wed, 22 Aug 2007 00:00:00 +0000</pubDate>
      <guid>http://localhost:1313/categories/sociology/</guid>
      <description></description>
    </item>
    <item>
      <title>Enemy</title>
      <link>http://localhost:1313/categories/enemy/</link>
      <pubDate>Mon, 13 Aug 2007 00:00:00 +0000</pubDate>
      <guid>http://localhost:1313/categories/enemy/</guid>
      <description></description>
    </item>
    <item>
      <title>Lindsay-Lohan</title>
      <link>http://localhost:1313/categories/lindsay-lohan/</link>
      <pubDate>Thu, 09 Aug 2007 00:00:00 +0000</pubDate>
      <guid>http://localhost:1313/categories/lindsay-lohan/</guid>
      <description></description>
    </item>
    <item>
      <title>Open-Letter</title>
      <link>http://localhost:1313/categories/open-letter/</link>
      <pubDate>Thu, 09 Aug 2007 00:00:00 +0000</pubDate>
      <guid>http://localhost:1313/categories/open-letter/</guid>
      <description></description>
    </item>
    <item>
      <title>Six-Degrees-of-Separation</title>
      <link>http://localhost:1313/categories/six-degrees-of-separation/</link>
      <pubDate>Thu, 09 Aug 2007 00:00:00 +0000</pubDate>
      <guid>http://localhost:1313/categories/six-degrees-of-separation/</guid>
      <description></description>
    </item>
  </channel>
</rss>
