<?xml version="1.0" encoding="utf-8" standalone="yes"?>
<rss version="2.0" xmlns:atom="http://www.w3.org/2005/Atom">
  <channel>
    <title>Digital-Marketing on eyeofparadox.wordpress.echo</title>
    <link>http://localhost:1313/tags/digital-marketing/</link>
    <description>Recent content in Digital-Marketing on eyeofparadox.wordpress.echo</description>
    <generator>Hugo</generator>
    <language>en-us</language>
    <lastBuildDate>Wed, 19 Nov 2025 00:00:00 +0000</lastBuildDate>
    <atom:link href="http://localhost:1313/tags/digital-marketing/index.xml" rel="self" type="application/rss+xml" />
    <item>
      <title>WordPress → GitHub Pages Notes</title>
      <link>http://localhost:1313/posts/2025/11/2025-11-19-wordpress--github-pages-notes/</link>
      <pubDate>Wed, 19 Nov 2025 00:00:00 +0000</pubDate>
      <guid>http://localhost:1313/posts/2025/11/2025-11-19-wordpress--github-pages-notes/</guid>
      <description>&lt;hr&gt;&#xA;&lt;h3 id=&#34;export&#34;&gt;&lt;strong&gt;Export&lt;/strong&gt;&lt;/h3&gt;&#xA;&lt;p&gt;When you click the export button in wp-admin/tools, WordPress will create an &lt;strong&gt;XML&lt;/strong&gt; file for you to save to your computer.&lt;/p&gt;&#xA;&lt;p&gt;This format, which is called &lt;strong&gt;WordPress eXtended RSS&lt;/strong&gt; or &lt;strong&gt;WXR&lt;/strong&gt;, will contain your posts, pages, comments, custom fields, categories, and tags.&lt;/p&gt;&#xA;&lt;p&gt;Once you’ve saved the download file, you can use the Import function in another WordPress installation to import the content from this site.&lt;/p&gt;&#xA;&lt;p&gt;If you’re going to be using a &lt;strong&gt;WordPress&lt;/strong&gt;-powered site, download the &lt;strong&gt;wp-content&lt;/strong&gt; directory and the &lt;strong&gt;wp-config.php&lt;/strong&gt; file.&lt;/p&gt;</description>
    </item>
  </channel>
</rss>
