<?xml version="1.0" encoding="utf-8" standalone="yes"?>
<rss version="2.0" xmlns:atom="http://www.w3.org/2005/Atom">
  <channel>
    <title>Evil on eyeofparadox.wordpress.echo</title>
    <link>http://localhost:1313/categories/evil/</link>
    <description>Recent content in Evil on eyeofparadox.wordpress.echo</description>
    <generator>Hugo</generator>
    <language>en-us</language>
    <lastBuildDate>Wed, 22 Aug 2007 00:00:00 +0000</lastBuildDate>
    <atom:link href="http://localhost:1313/categories/evil/index.xml" rel="self" type="application/rss+xml" />
    <item>
      <title>The Impact of Social Stratification</title>
      <link>http://localhost:1313/posts/2007/08/2007-08-22-the-impact-of-social-stratification/</link>
      <pubDate>Wed, 22 Aug 2007 00:00:00 +0000</pubDate>
      <guid>http://localhost:1313/posts/2007/08/2007-08-22-the-impact-of-social-stratification/</guid>
      <description>&lt;p&gt;We&amp;rsquo;re all human. None of us have a say in what circumstances we are born. Pretty much any other characteristic by which people can be defined produces some form of social stratification.&lt;/p&gt;&#xA;&lt;p&gt;Thinking about it boggles the mind.&lt;/p&gt;&#xA;&lt;p&gt;I&amp;rsquo;ve grown up with the ideas of caste and class, and tried to understand how anyone can willingly accept being &amp;ldquo;put in their place&amp;rdquo; by the people around them. In the end, I think it all comes down to the perception of power, the ways in which circumstances can be used to dominate society.&lt;/p&gt;</description>
    </item>
    <item>
      <title>What is evil?</title>
      <link>http://localhost:1313/posts/2007/07/2007-07-25-what-is-evil/</link>
      <pubDate>Wed, 25 Jul 2007 00:00:00 +0000</pubDate>
      <guid>http://localhost:1313/posts/2007/07/2007-07-25-what-is-evil/</guid>
      <description>&lt;p&gt;There is a line in &amp;ldquo;The Matrix&amp;rdquo; when Morpheus confronts Neo about a wrongness in the world, &amp;ldquo;like a splinter in your mind.&amp;rdquo;  It was caused by an instinctive apprehension of the artificial reality he was trapped in.&lt;/p&gt;&#xA;&lt;p&gt;It is similar to a feeling many people have about our own reality. There is a wrongness in the world, evident in the mystery of life, the inevitability of death and in the things that we call evil.&lt;/p&gt;</description>
    </item>
  </channel>
</rss>
