<?xml version="1.0" encoding="utf-8" standalone="yes"?>
<rss version="2.0" xmlns:atom="http://www.w3.org/2005/Atom">
  <channel>
    <title>Realization on eyeofparadox.wordpress.echo</title>
    <link>http://localhost:1313/tags/realization/</link>
    <description>Recent content in Realization on eyeofparadox.wordpress.echo</description>
    <generator>Hugo</generator>
    <language>en-us</language>
    <lastBuildDate>Mon, 10 Oct 2022 00:00:00 +0000</lastBuildDate>
    <atom:link href="http://localhost:1313/tags/realization/index.xml" rel="self" type="application/rss+xml" />
    <item>
      <title>All or Nothing; Division by Zero</title>
      <link>http://localhost:1313/posts/2022/10/2022-10-10-all-or-nothing-division-by-zero/</link>
      <pubDate>Mon, 10 Oct 2022 00:00:00 +0000</pubDate>
      <guid>http://localhost:1313/posts/2022/10/2022-10-10-all-or-nothing-division-by-zero/</guid>
      <description>&lt;p&gt;If you divide by nothing, in one sense, you get nothing. In another sense, you are left with everything. However much there is to divide, all of it remains - undivided. The remainder is everything. To count it all, however, you must divide it up into discrete quantities. Of course, you can keep dividing it into smaller and smaller parts, each of which is increasingly infinitesimal. As you do so, the number you are calculating approaches infinity. This is the paradox of division by zero.  &lt;/p&gt;</description>
    </item>
    <item>
      <title>Staring into the Face of Truth</title>
      <link>http://localhost:1313/posts/2009/07/2009-07-26-staring-into-the-face-of-truth/</link>
      <pubDate>Sun, 26 Jul 2009 00:00:00 +0000</pubDate>
      <guid>http://localhost:1313/posts/2009/07/2009-07-26-staring-into-the-face-of-truth/</guid>
      <description>&lt;p&gt;&amp;ldquo;A story is as good a way to organize your thoughts as anything else,&amp;rdquo; she points out, poised in the shadows in the doorway. I quickly conclude that she is playing the part of my conscience. That, or devil&amp;rsquo;s advocate. Either way, she&amp;rsquo;s me. I cannot say she does not really exist without implying the same of myself. She is in my mind, and of my mind, so I do not look at her. She cannot be seen, not in the flesh anyway, but it&amp;rsquo;s not like I have to look at her to see her. &amp;ldquo;It&amp;rsquo;s been a long time since you&amp;rsquo;ve done this, though,&amp;rdquo; she observes, watching me carefully. I can tell there&amp;rsquo;s something on her mind. I can feel it. Technically, it&amp;rsquo;s on my mind, but I have long since learned that her thoughts are her own when she chooses to assert herself. It&amp;rsquo;s a bit like being in two places at the same time, a way to step outside my normal perspective and look at what I&amp;rsquo;ve become.&lt;/p&gt;</description>
    </item>
    <item>
      <title>Impulse</title>
      <link>http://localhost:1313/posts/2009/07/2009-07-25-impulse/</link>
      <pubDate>Sat, 25 Jul 2009 00:00:00 +0000</pubDate>
      <guid>http://localhost:1313/posts/2009/07/2009-07-25-impulse/</guid>
      <description>&lt;p&gt;Who am I? Why am I here? What is the point of my existence? These are questions we all ask at some point in our lives, and we can go our entire lives without knowing the answer. I suspect that a lot of people try to avoid thinking about it, not knowing how to begin answering, and I wonder how long a person can go without asking them. There are an endless number of situations and circumstances that can force us to confront these questions, and other soul searching questions like them. For me, the question can come up as a result of gender issues, but I&amp;rsquo;ve had it come up in many other circumstances. The answers, whatever they are, test the limits of my understanding, because in many ways I am the awareness brought into focus by both the sum and the gestalt of my understanding. In the scope of my understanding, I am aware that I am not driven by a desire to be female. I am driven by an impulse that is at once too simple and too complex for words, because words will never serve to express that impulse. Because I found myself in a body that I was not able to express myself properly in, it was only natural for me to become obsessed with finding a better way to express myself. I put a lot of thought and effort into figuring out the best way to embody myself in human terms, and because I was thinking in human terms, my self image is based on understanding the compromises that allowed me to be as true to myself as possible. Of course, human limitations are based on the limitations of reality, which are the perceived limits of existence &amp;ndash; or rather the limits of perception. The plain, simple and painful truth is that I am driven to do something that can not be done within those limits &amp;ndash; as we understand them.&lt;/p&gt;</description>
    </item>
    <item>
      <title>A Glimpse into the Eye of Paradox</title>
      <link>http://localhost:1313/posts/2009/07/2009-07-06-a-glimpse-into-the-eye-of-paradox/</link>
      <pubDate>Mon, 06 Jul 2009 00:00:00 +0000</pubDate>
      <guid>http://localhost:1313/posts/2009/07/2009-07-06-a-glimpse-into-the-eye-of-paradox/</guid>
      <description>&lt;p&gt;On any given day, a small handful of people find their way to the eye of paradox. Some of them probably just glance at an article to see if it&amp;rsquo;s relevant to the search that brought them here. One or two might actually read something.&lt;/p&gt;&#xA;&lt;p&gt;Once in a blue moon, someone leaves a short comment.&lt;/p&gt;&#xA;&lt;p&gt;Taken all together, I do not see anything to indicate that my words mean much. Is that frustrating?&lt;/p&gt;</description>
    </item>
  </channel>
</rss>
