<?xml version="1.0" encoding="utf-8" standalone="yes"?>
<rss version="2.0" xmlns:atom="http://www.w3.org/2005/Atom">
  <channel>
    <title>Soul on eyeofparadox.wordpress.echo</title>
    <link>http://localhost:1313/categories/soul/</link>
    <description>Recent content in Soul on eyeofparadox.wordpress.echo</description>
    <generator>Hugo</generator>
    <language>en-us</language>
    <lastBuildDate>Thu, 25 Aug 2016 00:00:00 +0000</lastBuildDate>
    <atom:link href="http://localhost:1313/categories/soul/index.xml" rel="self" type="application/rss+xml" />
    <item>
      <title>Beyond My Grasp</title>
      <link>http://localhost:1313/posts/2016/08/2016-08-25-beyond-my-grasp/</link>
      <pubDate>Thu, 25 Aug 2016 00:00:00 +0000</pubDate>
      <guid>http://localhost:1313/posts/2016/08/2016-08-25-beyond-my-grasp/</guid>
      <description>&lt;p&gt;&lt;strong&gt;&lt;em&gt;Advisory:&lt;/em&gt;&lt;/strong&gt; &lt;em&gt;I sort of choke and swallow hard before posting an article like this on the eye of paradox, in spite of the fact that&lt;/em&gt; &lt;em&gt;I have a history of being rather candid about my experiences as a &amp;ldquo;transgendered&amp;rdquo; individual here and on deviantart. I know that many of these posts have the potential to hurt me, professionally, and yet they serve the essential and undeniable need for self-expression that is ultimately the only way I can justify my existence. I would not be surprised to find that these posts drive more people away than they ever manage to enlighten, and shade my other writing with a transferred contempt. I am sure many people who do read through them must think, &amp;ldquo;this has to be exaggerated,&amp;rdquo; though I must confess that my best effort to put these feelings into words fall short&amp;ndash;hence, I keep revisiting them, trying to vent the agony in &amp;ldquo;a whisper of hollow words to dress up the shattering, inarticulate screams of a forever breaking heart.&amp;rdquo; If you choose to read this, to know what I cannot allow myself to show on the surface, just know that I overcome this pain in every moment I manage to present that calm, composed facade. I am not looking for pity, and I can&amp;rsquo;t say I feel sorry for myself; I am not sorry to be me&amp;ndash;there is just no easy way to present myself to you.&lt;/em&gt; &lt;/p&gt;</description>
    </item>
    <item>
      <title>Does it ever get better?</title>
      <link>http://localhost:1313/posts/2016/04/2016-04-06-does-it-ever-get-better/</link>
      <pubDate>Wed, 06 Apr 2016 00:00:00 +0000</pubDate>
      <guid>http://localhost:1313/posts/2016/04/2016-04-06-does-it-ever-get-better/</guid>
      <description>&lt;p&gt;I am well acquainted with the depths of despair; that place where words hurt in every way and never more than when they give the faintest glimmer of the only thing that could possibly be worse than despair:&lt;/p&gt;&#xA;&lt;p&gt;&lt;strong&gt;Hope&lt;/strong&gt;.&lt;/p&gt;&#xA;&lt;p&gt;Hope makes you drag yourself through the hell you’re trapped in when you’re so broken it’s a miracle you can even move.&lt;/p&gt;&#xA;&lt;p&gt;Hope makes you choke down the agony and anguish, and endure whatever punishment life heaps on top of it, for the unlikely and virtually impossible chance you will survive the pain long enough to discover what it’s like to be free of it.&lt;/p&gt;</description>
    </item>
    <item>
      <title>A Spark</title>
      <link>http://localhost:1313/posts/2009/09/2009-09-26-a-spark/</link>
      <pubDate>Sat, 26 Sep 2009 00:00:00 +0000</pubDate>
      <guid>http://localhost:1313/posts/2009/09/2009-09-26-a-spark/</guid>
      <description>&lt;p&gt;My eyes opened and this is what I saw. You can in yourself be anything you desire. You create yourself from a point. You define your own existence.&lt;/p&gt;&#xA;&lt;p&gt;A soul defines itself.&lt;/p&gt;&#xA;&lt;p&gt;What words cannot define, they can characterize, so that the truth may be recognized as it is encountered.&lt;/p&gt;&#xA;&lt;ul&gt;&#xA;&lt;li&gt;The existence of a soul is absolute, at once all and nothing.&lt;/li&gt;&#xA;&lt;li&gt;The qualities of a soul are both infinite and eternal.&lt;/li&gt;&#xA;&lt;li&gt;A soul is not a question, nor is a soul an answer.&lt;/li&gt;&#xA;&lt;li&gt;A soul is a statement.&lt;/li&gt;&#xA;&lt;li&gt;A soul is an expression, a unique, individual creation.&lt;/li&gt;&#xA;&lt;/ul&gt;&#xA;&lt;p&gt;While I gazed in wonder, I realized that even before a soul embraces the awareness of other souls, the darkness of a soul embraces the light of other souls, filling the emptiness of its existence with the certainty of others, both as a foundation for its own reality, and a medium for the realization of its self.&lt;/p&gt;</description>
    </item>
  </channel>
</rss>
