<?xml version="1.0" encoding="utf-8" standalone="yes"?>
<rss version="2.0" xmlns:atom="http://www.w3.org/2005/Atom">
  <channel>
    <title>Purpose on eyeofparadox.wordpress.echo</title>
    <link>http://localhost:1313/tags/purpose/</link>
    <description>Recent content in Purpose on eyeofparadox.wordpress.echo</description>
    <generator>Hugo</generator>
    <language>en-us</language>
    <lastBuildDate>Sun, 28 Jun 2009 00:00:00 +0000</lastBuildDate>
    <atom:link href="http://localhost:1313/tags/purpose/index.xml" rel="self" type="application/rss+xml" />
    <item>
      <title>Slightly Left of Nowhere</title>
      <link>http://localhost:1313/posts/2009/06/2009-06-28-slightly-left-of-nowhere/</link>
      <pubDate>Sun, 28 Jun 2009 00:00:00 +0000</pubDate>
      <guid>http://localhost:1313/posts/2009/06/2009-06-28-slightly-left-of-nowhere/</guid>
      <description>&lt;p&gt;I rarely have time to write or draw, and as my friend keeps reminding me, I&amp;rsquo;ve little hope making a living as an artist or writer. I have to agree, knowing that even brilliant writing and art takes a massive investment of time and effort up front. That seems to be a recurring theme in my life, however. I have never really had the things I needed to succeed in life. I have almost always had a reasonable substitute for the things I lack, which I am sure could have been used to achieve success, if success meant anything in the absence of a life worth living. The hard, cold facts of life undermine my identity and force me to live the life of a person that does not exist. I succeeded in earning enough to live and function as a man, but the process left me with no sense of myself as a person; nothing that I did felt real to me and nothing that I engaged in felt meaningful.&lt;/p&gt;</description>
    </item>
  </channel>
</rss>
