<?xml version="1.0" encoding="utf-8" standalone="yes"?>
<rss version="2.0" xmlns:atom="http://www.w3.org/2005/Atom">
  <channel>
    <title>Inquiry on eyeofparadox.wordpress.echo</title>
    <link>http://localhost:1313/tags/inquiry/</link>
    <description>Recent content in Inquiry on eyeofparadox.wordpress.echo</description>
    <generator>Hugo</generator>
    <language>en-us</language>
    <lastBuildDate>Tue, 21 Jan 2014 00:00:00 +0000</lastBuildDate>
    <atom:link href="http://localhost:1313/tags/inquiry/index.xml" rel="self" type="application/rss+xml" />
    <item>
      <title>Do current theories on Black Holes address Forces other than Gravity?</title>
      <link>http://localhost:1313/posts/2014/01/2014-01-21-do-current-theories-on-black-holes-address-forces-other-than-gravity/</link>
      <pubDate>Tue, 21 Jan 2014 00:00:00 +0000</pubDate>
      <guid>http://localhost:1313/posts/2014/01/2014-01-21-do-current-theories-on-black-holes-address-forces-other-than-gravity/</guid>
      <description>&lt;p&gt;From time to time, I stumble across a question I have to stop and ask, but I am usually in the middle of something that needs to be done. So, I put it off for later, often forgetting to even write the question down. I know this one is going to come back to plague me, so I am putting it out there in the hopes I can come back and do some research on it later, while giving the random visitor to my site a chance to comment on it or point me toward a source with something to say about the subject.&lt;/p&gt;</description>
    </item>
  </channel>
</rss>
