<?xml version="1.0" encoding="utf-8" standalone="yes"?>
<rss version="2.0" xmlns:atom="http://www.w3.org/2005/Atom">
  <channel>
    <title>Physics on eyeofparadox.wordpress.echo</title>
    <link>http://localhost:1313/categories/physics/</link>
    <description>Recent content in Physics on eyeofparadox.wordpress.echo</description>
    <generator>Hugo</generator>
    <language>en-us</language>
    <lastBuildDate>Tue, 18 Nov 2025 00:00:00 +0000</lastBuildDate>
    <atom:link href="http://localhost:1313/categories/physics/index.xml" rel="self" type="application/rss+xml" />
    <item>
      <title>Physics in a Distributed, Process Driven, Information-Based Universe</title>
      <link>http://localhost:1313/posts/2025/11/2025-11-18-physics-in-a-distributed-process-driven-information-based-universe/</link>
      <pubDate>Tue, 18 Nov 2025 00:00:00 +0000</pubDate>
      <guid>http://localhost:1313/posts/2025/11/2025-11-18-physics-in-a-distributed-process-driven-information-based-universe/</guid>
      <description>&lt;p&gt;&lt;strong&gt;Implications of Division by Zero and Point Paradox&lt;/strong&gt;&lt;/p&gt;&#xA;&lt;hr&gt;&#xA;&lt;p&gt;&lt;strong&gt;Thought for the day&lt;/strong&gt;: My mind wandered back to division by zero and it suddenly struck me that, if applicable in nature, it would be the point where a value ceases to be &lt;em&gt;quanta&lt;/em&gt; and becomes &lt;em&gt;qualia&lt;/em&gt;. I did not see it for a while. I got to it by thinking about what&amp;rsquo;s hidden in plain sight in the concepts of quantum mechanics, and remembering a simple-but-paradoxical description of a hypersphere as &amp;ldquo;a sphere whose surface is nowhere, its focus is everywhere, and its radius infinite&amp;rdquo;.&lt;/p&gt;</description>
    </item>
    <item>
      <title>Examples of the 4th Dimension</title>
      <link>http://localhost:1313/posts/2018/09/2018-09-16-examples-of-the-4th-dimension/</link>
      <pubDate>Sun, 16 Sep 2018 00:00:00 +0000</pubDate>
      <guid>http://localhost:1313/posts/2018/09/2018-09-16-examples-of-the-4th-dimension/</guid>
      <description>&lt;p&gt;This is a thought that just popped into my head after reviewing my last post. Right off the top of my head, I picked out two candidates for the fourth dimension of space; Scale and State.&lt;/p&gt;&#xA;&lt;p&gt;The underlying principle used to distinguish them was a concept that is spatial in nature, that lies beyond the immediate scope of a volume.&lt;/p&gt;&#xA;&lt;p&gt;Technically speaking, a four dimensional space can theoretically contain an infinite number of volumes, much the way three dimensional space can potentially contain an infinite number of surfaces; what we typically experience as the expression of two dimensionality.&lt;/p&gt;</description>
    </item>
    <item>
      <title>Musings On Physics &amp;amp; Metaphysics</title>
      <link>http://localhost:1313/posts/2018/09/2018-09-16-musings-on-physics-metaphysics/</link>
      <pubDate>Sun, 16 Sep 2018 00:00:00 +0000</pubDate>
      <guid>http://localhost:1313/posts/2018/09/2018-09-16-musings-on-physics-metaphysics/</guid>
      <description>&lt;p&gt;A lot of time has passed since I had the impulse to post anything; that does not mean I stopped writing my thoughts down! I came across the following on a buried tab in my Notepad++ application. I have tons of random notes like this, and often do nothing with them.&lt;/p&gt;&#xA;&lt;p&gt;I mean, they&amp;rsquo;re not really intended for the average reader. You might not be able to follow them, and I don&amp;rsquo;t really know what parts need further elaboration for you to grok them. Even so, I can still throw them out there and hope that you will comment or request explanations if you need them.&lt;/p&gt;</description>
    </item>
    <item>
      <title>Do current theories on Black Holes address Forces other than Gravity?</title>
      <link>http://localhost:1313/posts/2014/01/2014-01-21-do-current-theories-on-black-holes-address-forces-other-than-gravity/</link>
      <pubDate>Tue, 21 Jan 2014 00:00:00 +0000</pubDate>
      <guid>http://localhost:1313/posts/2014/01/2014-01-21-do-current-theories-on-black-holes-address-forces-other-than-gravity/</guid>
      <description>&lt;p&gt;From time to time, I stumble across a question I have to stop and ask, but I am usually in the middle of something that needs to be done. So, I put it off for later, often forgetting to even write the question down. I know this one is going to come back to plague me, so I am putting it out there in the hopes I can come back and do some research on it later, while giving the random visitor to my site a chance to comment on it or point me toward a source with something to say about the subject.&lt;/p&gt;</description>
    </item>
    <item>
      <title>A Point about Paradox</title>
      <link>http://localhost:1313/posts/2010/12/2010-12-06-a-point-about-paradox/</link>
      <pubDate>Mon, 06 Dec 2010 00:00:00 +0000</pubDate>
      <guid>http://localhost:1313/posts/2010/12/2010-12-06-a-point-about-paradox/</guid>
      <description>&lt;p&gt;In the eternal moment, the past and the future are simply a matter of perspective and the past can be influenced by overlapping reinforcement or the intent of the resolving future. A time paradox is a self-informing sequence within a point.&lt;/p&gt;&#xA;&lt;p&gt;The classic grandfather paradox assumes that time is linear, ignoring the fact that the appearance of a person from the future is an unprecedented event at that point in the past. It also ignores the consequences of his absence from the point of his departure in the future.&lt;/p&gt;</description>
    </item>
    <item>
      <title>Matter and Movement in Four--or More--Dimensions</title>
      <link>http://localhost:1313/posts/2009/07/2009-07-08-matter-and-movement-in-four-or-more-dimensions/</link>
      <pubDate>Wed, 08 Jul 2009 00:00:00 +0000</pubDate>
      <guid>http://localhost:1313/posts/2009/07/2009-07-08-matter-and-movement-in-four-or-more-dimensions/</guid>
      <description>&lt;p&gt;These days, it only takes a little curiosity, access to the Internet, and a bit of patience to find explanations of progressive spatial dimensions or examples of four dimensional geometry, such as the old favorite the hyper-square.&lt;/p&gt;&#xA;&lt;p&gt;Some of the things you will find use analogies like Flatland, or animations which is a way of using time and motion to reveal a higher dimensional object using a lower dimensional cross section.&lt;/p&gt;</description>
    </item>
    <item>
      <title>A Glimpse into the Eye of Paradox</title>
      <link>http://localhost:1313/posts/2009/07/2009-07-06-a-glimpse-into-the-eye-of-paradox/</link>
      <pubDate>Mon, 06 Jul 2009 00:00:00 +0000</pubDate>
      <guid>http://localhost:1313/posts/2009/07/2009-07-06-a-glimpse-into-the-eye-of-paradox/</guid>
      <description>&lt;p&gt;On any given day, a small handful of people find their way to the eye of paradox. Some of them probably just glance at an article to see if it&amp;rsquo;s relevant to the search that brought them here. One or two might actually read something.&lt;/p&gt;&#xA;&lt;p&gt;Once in a blue moon, someone leaves a short comment.&lt;/p&gt;&#xA;&lt;p&gt;Taken all together, I do not see anything to indicate that my words mean much. Is that frustrating?&lt;/p&gt;</description>
    </item>
    <item>
      <title>Awakening</title>
      <link>http://localhost:1313/posts/2009/06/2009-06-30-111/</link>
      <pubDate>Tue, 30 Jun 2009 00:00:00 +0000</pubDate>
      <guid>http://localhost:1313/posts/2009/06/2009-06-30-111/</guid>
      <description>&lt;p&gt;I have pointed out before that my struggle with gender dysphoria prompted me to search in all directions for a solution to being born in the wrong body, and the determination with which I pursued that goal in spite of all doubts and discouragements &amp;ndash; even attempts to accept things the way they were, adapting to and adopting the identity imposed on me by circumstances &amp;ndash; says a lot about me, and even about what I ultimately concluded. My existence may be supported by reality, the physical, chemical, biological and sociological fabric out of which we all seem to be spun, but none of these things are me. I exist in my mind and that is why the way I perceive myself in my own mind can not only contradict my physical form, but trump it in importance to my survival. I have heard the theories and arguments on nature versus nurture and taking my own experience into consideration I can say that there are elements in both that can help shape who you are, but only by presenting the options or stimulus necessary for you to determine who you are. I cannot tell you if this is a process of creation or revelation; it feels like both. I am the driving and defining force within my own mind; my mind is the structure and articulation of my soul.&lt;/p&gt;</description>
    </item>
    <item>
      <title>Gravity in a Distributed, Process Driven, Information-Based Universe</title>
      <link>http://localhost:1313/posts/2008/09/2008-09-17-gravity-in-a-distributed-process-driven-information-based-universe/</link>
      <pubDate>Wed, 17 Sep 2008 00:00:00 +0000</pubDate>
      <guid>http://localhost:1313/posts/2008/09/2008-09-17-gravity-in-a-distributed-process-driven-information-based-universe/</guid>
      <description>&lt;p&gt;To a curious mind, gravity is a curious phenomenon. The more one pays attention to it, the more fascinating and mysterious it becomes. Today, we have the advantage of having had great minds ponder the mystery and define what can be observed and inferred by studying it.&lt;/p&gt;&#xA;&lt;p&gt;Newton pondered the question &amp;ldquo;why do objects fall?&amp;rdquo; and provided us with a theory of universal gravity (along with his three laws of motion). He essentially defined the terms we now use to describe and quantify gravity, the force that attracts objects with mass to each other.&lt;/p&gt;</description>
    </item>
  </channel>
</rss>
